readout,fluence_mw_us,candidate,morphology,realization_index,seed,truth_integrated_response,truth_centroid_y_um,truth_centroid_z_um,truth_covariance_yy_um2,truth_covariance_yz_um2,truth_covariance_zz_um2,truth_major_rms_width_um,truth_minor_rms_width_um,truth_aspect_ratio,truth_principal_axis_angle_rad,truth_fractional_anisotropy,truth_positive_integrated_response,truth_moments_numerically_supported,truth_centroid_supported,truth_covariance_supported,truth_widths_supported,truth_aspect_ratio_supported,truth_principal_axis_angle_supported,truth_support_reasons,reconstructed_integrated_response,reconstructed_centroid_y_um,reconstructed_centroid_z_um,reconstructed_covariance_yy_um2,reconstructed_covariance_yz_um2,reconstructed_covariance_zz_um2,reconstructed_major_rms_width_um,reconstructed_minor_rms_width_um,reconstructed_aspect_ratio,reconstructed_principal_axis_angle_rad,reconstructed_fractional_anisotropy,reconstructed_positive_integrated_response,reconstructed_moments_numerically_supported,reconstructed_centroid_supported,reconstructed_covariance_supported,reconstructed_widths_supported,reconstructed_aspect_ratio_supported,reconstructed_principal_axis_angle_supported,reconstructed_support_reasons,integrated_response_relative_error,centroid_y_error_um,centroid_z_error_um,centroid_position_error_um,covariance_yy_error_um2,covariance_yz_error_um2,covariance_zz_error_um2,covariance_tensor_relative_frobenius_error,major_rms_width_relative_error,minor_rms_width_relative_error,aspect_ratio_relative_error,principal_axis_axial_error_rad,legacy_metrics_verified
dual_port,30.0,resolution_matched_17x5__curvature_30_um2,held_out_shifted_smooth_cloud,0,1459227746,101336.77859730626,2.000003251276404,-0.2999617130210676,89.28688637563377,1.26598405062876e-06,5.142520440593494,9.449173846195961,2.2677126009689754,4.166830418527641,1.5045380941103303e-08,0.891082225040309,True,True,True,True,True,True,True,,109024.96157357947,1.4895909013447564,-0.1867598179471595,106.18505536401857,-0.5950025059603428,7.094563546744505,10.304786655225156,2.6628914549895977,3.8697734509292685,-0.00600434908773817,0.8748055304345153,True,True,True,True,True,True,True,,0.07586764729146012,-0.5104123499316477,0.11320189507390813,0.5228149156356109,16.898168988384793,-0.5950037719443934,1.9520431061510108,0.19043294400018718,0.09054895411556485,0.17426319977750504,-0.07129087046055937,-0.006004364133119111,True
dual_port,30.0,resolution_matched_17x5__curvature_30_um2,held_out_shifted_smooth_cloud,1,4253120403,101336.77859730626,2.000003251276404,-0.2999617130210676,89.28688637563377,1.26598405062876e-06,5.142520440593494,9.449173846195961,2.2677126009689754,4.166830418527641,1.5045380941103303e-08,0.891082225040309,True,True,True,True,True,True,True,,111085.13503695675,1.887275362867316,-0.31020406711134507,102.77337671071484,-0.688716094129957,6.84432947860013,10.137964344305223,2.6152218152407185,3.8765217868802737,-0.007178938886444719,0.8752138613245743,True,True,True,True,True,True,True,,0.09619761526452963,-0.11272788840908805,-0.01024235409027744,0.11319223755400558,13.486490335081069,-0.6887173601140077,1.7018090380066366,0.1523822889947973,0.07289425608213906,0.15324217633365667,-0.06967133348084475,-0.00717895393182566,True
dual_port,30.0,resolution_matched_17x5__curvature_30_um2,held_out_opposite_asymmetry,0,87882049,99258.45584475552,0.7101971157074417,-0.2844412354694525,87.62324777841955,0.5590213204610665,5.142283107013861,9.360931386139226,2.2668247548999,4.1295346567505575,0.006777164741360586,0.8892154355097025,True,True,True,True,True,True,True,,104519.12598931983,-0.013340124227302916,-0.2207015957448104,101.03113235025997,0.36780817934869725,6.815664706893849,10.051495819844394,2.610407792051745,3.8505462060178934,0.003903825080206147,0.8736313172621484,True,True,True,True,True,True,True,,0.05299971775495105,-0.7235372399347446,0.06373963972464208,0.7263393691963939,13.407884571840416,-0.19121314111236917,1.6733815998799881,0.15396428423116618,0.07377091073733211,0.15157018045138537,-0.06755929515607795,-0.0028733396611544393,True
dual_port,30.0,resolution_matched_17x5__curvature_30_um2,held_out_opposite_asymmetry,1,537714145,99258.45584475552,0.7101971157074417,-0.2844412354694525,87.62324777841955,0.5590213204610665,5.142283107013861,9.360931386139226,2.2668247548999,4.1295346567505575,0.006777164741360586,0.8892154355097025,True,True,True,True,True,True,True,,103356.53216195133,0.8788888212279918,-0.22599907141494935,89.325423843858,1.5691286026497717,6.859579801007204,9.452791641738802,2.613375943628899,3.617080682472642,0.019018440993785468,0.8579875539027889,True,True,True,True,True,True,True,,0.041286923943340215,0.16869170552055007,0.05844216405450316,0.1785283676360859,1.7021760654384461,1.0101072821887054,1.7172966939933432,0.03199457576133645,0.009813153393645635,0.15287956776539713,-0.12409484769432944,0.012241276252424882,True
dual_port,30.0,resolution_matched_17x5__curvature_30_um2,held_out_modulation_phase,0,969796810,82387.2300672188,-0.0011637960746769742,-2.2824085011358424e-17,88.91234200540448,2.5100389097865663e-18,5.146089887292849,9.42933412311837,2.2684994792357456,4.1566393157361885,0.0,0.8905767450351808,True,True,True,True,True,True,True,,85594.92700228578,-0.16172169766815517,0.1383861631136579,107.93875332287129,0.010600124273497406,6.917161062427559,10.389357748924368,2.6300494197189574,3.9502519120095307,0.00010492929165639708,0.8795506528821925,True,True,True,True,True,True,True,,0.038934394716873655,-0.1605579015934782,0.13838616311365792,0.21196596402588072,19.026411317466813,0.010600124273497403,1.7710711751347097,0.21455675512488714,0.10181245178832521,0.15937845425691588,-0.04965246874928919,0.00010492929165639708,True
dual_port,30.0,resolution_matched_17x5__curvature_30_um2,held_out_modulation_phase,1,4265526634,82387.2300672188,-0.0011637960746769742,-2.2824085011358424e-17,88.91234200540448,2.5100389097865663e-18,5.146089887292849,9.42933412311837,2.2684994792357456,4.1566393157361885,0.0,0.8905767450351808,True,True,True,True,True,True,True,,87321.6348381117,-0.17155245828471707,0.026605526871593416,95.52512831048762,1.0801106784254382,6.88889360481344,9.774368954444045,2.622161981591046,3.7275992189137233,0.012183469914439637,0.865726717316348,True,True,True,True,True,True,True,,0.0598928349316632,-0.1703886622100401,0.02660552687159344,0.17245332780158876,6.612786305083141,1.0801106784254382,1.74280371752059,0.07867751960114229,0.03659164335684495,0.15590151357427207,-0.10321802404125058,0.012183469914439637,True
dual_port,30.0,resolution_matched_17x5__curvature_30_um2,held_out_three_peak_fragment,0,3460347023,48403.8615072181,0.15600719455060327,7.472194515382854e-18,102.97840553477842,1.6021073528458504e-17,2.7627303923496673,10.14782762638282,1.6621463209806973,6.1052552944890035,0.0,0.9477453997798244,True,True,True,True,True,True,True,,54096.137066131894,0.300973026889569,0.10446155267598288,118.46667463966672,-1.2767662141833724,4.823331524821251,10.884898580595129,2.1929407321325622,4.963608191093211,-0.011232962439884808,0.9219889883332448,True,True,True,True,True,True,True,,0.11759961667655272,0.14496583233896576,0.10446155267598287,0.17868214385664358,15.488269104888303,-1.2767662141833724,2.0606011324715836,0.1526831623918287,0.07263337350114574,0.3193427705201586,-0.18699416295110816,-0.011232962439884808,True
dual_port,30.0,resolution_matched_17x5__curvature_30_um2,held_out_three_peak_fragment,1,2812885258,48403.8615072181,0.15600719455060327,7.472194515382854e-18,102.97840553477842,1.6021073528458504e-17,2.7627303923496673,10.14782762638282,1.6621463209806973,6.1052552944890035,0.0,0.9477453997798244,True,True,True,True,True,True,True,,50652.6403359197,0.34321918249898903,0.11360477359727016,115.6149073096851,-0.904822331019533,4.842395124045719,10.752780927299629,2.198864425841698,4.890151844256428,-0.00816756641013594,0.9197225130308376,True,True,True,True,True,True,True,,0.046458665872479266,0.18721198794838576,0.11360477359727014,0.2189848693761136,12.636501774906685,-0.904822331019533,2.079664731696052,0.12493522885790215,0.05961406945305425,0.3229066527333928,-0.19902582146391268,-0.00816756641013594,True
dual_port,30.0,resolution_matched_17x5__curvature_30_um2,held_out_off_centre_notch,0,2235013293,94154.74758259323,-0.4645061093629687,0.030947529008360897,95.96261449127877,0.1474128010574314,5.348413872509582,9.79606320439101,2.312611956071506,4.2359303637917005,0.0016268121318328,0.8944206934676328,True,True,True,True,True,True,True,,95799.48345756625,-0.7511182360064207,0.0302450361014519,103.26681218244138,-0.0449423070203974,6.807496446055866,10.162028986474523,2.6091139313086376,3.8948199480800807,-0.0004659196850926861,0.876311273877283,True,True,True,True,True,True,True,,0.01746843273654619,-0.286612126643452,-0.0007024929069089982,0.2866129875552858,7.304197691162615,-0.1923551080778288,1.4590825735462845,0.07755003134165649,0.03735845455952869,0.1282108632443495,-0.08052786198455875,-0.002092731816925486,True
dual_port,30.0,resolution_matched_17x5__curvature_30_um2,held_out_off_centre_notch,1,915733337,94154.74758259323,-0.4645061093629687,0.030947529008360897,95.96261449127877,0.1474128010574314,5.348413872509582,9.79606320439101,2.312611956071506,4.2359303637917005,0.0016268121318328,0.8944206934676328,True,True,True,True,True,True,True,,100019.77479000491,-0.4330596151381652,0.06076316283712332,100.28401420941012,0.5926134050830768,7.082007493164606,10.014378768348609,2.660496116633766,3.764102005538522,0.006358033309370903,0.868147492579515,True,True,True,True,True,True,True,,0.0622913592569172,0.031446494224803466,0.02981563382876242,0.04333421303821543,4.321399718131354,0.44520060402564543,1.7335936206550249,0.048886176431246924,0.02228605097808467,0.1504291109664675,-0.1113871848050948,0.004731221177538103,True
dual_port,90.0,resolution_matched_17x5__curvature_30_um2,held_out_shifted_smooth_cloud,0,1665626726,101336.77859730626,2.000003251276404,-0.2999617130210676,89.28688637563377,1.26598405062876e-06,5.142520440593494,9.449173846195961,2.2677126009689754,4.166830418527641,1.5045380941103303e-08,0.891082225040309,True,True,True,True,True,True,True,,109521.27568276419,1.9481249784764352,-0.24960068199460164,99.39058579595671,-0.1249295308098207,6.581049443411343,9.969491158601206,2.565322840879954,3.886252053632939,-0.0013460818133594898,0.8757991935657962,True,True,True,True,True,True,True,,0.080765317377826,-0.05187827279996909,0.05036103102646598,0.07230206521778394,10.10369942032293,-0.12493079679387133,1.438529002817849,0.11412911665071751,0.05506484703048553,0.13123807654630149,-0.06733616123351749,-0.001346096858740431,True
dual_port,90.0,resolution_matched_17x5__curvature_30_um2,held_out_shifted_smooth_cloud,1,1320512501,101336.77859730626,2.000003251276404,-0.2999617130210676,89.28688637563377,1.26598405062876e-06,5.142520440593494,9.449173846195961,2.2677126009689754,4.166830418527641,1.5045380941103303e-08,0.891082225040309,True,True,True,True,True,True,True,,104192.29679596011,1.8275421218598993,-0.2620145697998591,97.66613281251414,-1.6488957999273322,6.541252650922991,9.884126651251288,2.5517495577468328,3.873470506243122,-0.01808700881841574,0.8750294755692569,True,True,True,True,True,True,True,,0.02817849785812876,-0.1724611294165049,0.03794714322120853,0.17658659869386284,8.379246436880358,-1.6488970659113826,1.3987322103294968,0.0985010096937185,0.046030776037677246,0.12525262533554327,-0.07040361205488621,-0.01808702386379668,True
dual_port,90.0,resolution_matched_17x5__curvature_30_um2,held_out_opposite_asymmetry,0,1640387932,99258.45584475552,0.7101971157074417,-0.2844412354694525,87.62324777841955,0.5590213204610665,5.142283107013861,9.360931386139226,2.2668247548999,4.1295346567505575,0.006777164741360586,0.8892154355097025,True,True,True,True,True,True,True,,101133.00323646067,0.581035093152441,-0.3202282318880181,93.87019769370673,0.9472731267371355,6.5293868373151,9.68919348219114,2.5532556071977157,3.794838814757507,0.010844009687808409,0.8701366300241555,True,True,True,True,True,True,True,,0.018885518374747168,-0.1291620225550008,-0.03578699641856555,0.13402812086708132,6.246949915287181,0.38825180627606903,1.3871037303012388,0.07316914838701613,0.0350672473187843,0.1263577396879383,-0.08104928758641672,0.004066844946447823,True
dual_port,90.0,resolution_matched_17x5__curvature_30_um2,held_out_opposite_asymmetry,1,4252442549,99258.45584475552,0.7101971157074417,-0.2844412354694525,87.62324777841955,0.5590213204610665,5.142283107013861,9.360931386139226,2.2668247548999,4.1295346567505575,0.006777164741360586,0.8892154355097025,True,True,True,True,True,True,True,,103376.9416287236,0.34663897237063895,-0.26826695732526046,89.72583261498258,1.1026251384104504,6.579837685357039,9.473143739142602,2.5622681354383965,3.6971711149667694,0.013258205657104227,0.8636587445493371,True,True,True,True,True,True,True,,0.04149254336990249,-0.36355814333680275,0.016174278144192034,0.36391775287829653,2.1025848365630284,0.5436038179493838,1.4375545783431787,0.030309942831213375,0.011987306430803368,0.1303335777941701,-0.10470030589935908,0.006481040915743641,True
dual_port,90.0,resolution_matched_17x5__curvature_30_um2,held_out_modulation_phase,0,1222609666,82387.2300672188,-0.0011637960746769742,-2.2824085011358424e-17,88.91234200540448,2.5100389097865663e-18,5.146089887292849,9.42933412311837,2.2684994792357456,4.1566393157361885,0.0,0.8905767450351808,True,True,True,True,True,True,True,,86570.48165562924,-0.05632747146828702,0.03850807266718127,93.72389822785107,-0.21355613804931206,6.476852860556485,9.681137378937477,2.544863481318238,3.804187316925406,-0.0024476981563861244,0.8707329023345726,True,True,True,True,True,True,True,,0.05077548529058906,-0.055163675393610036,0.03850807266718129,0.06727482994012317,4.811556222446587,-0.21355613804931206,1.3307629732636352,0.056156044736389604,0.026704245764475276,0.12182678665440938,-0.08479253840391465,-0.0024476981563861244,True
dual_port,90.0,resolution_matched_17x5__curvature_30_um2,held_out_modulation_phase,1,2256956209,82387.2300672188,-0.0011637960746769742,-2.2824085011358424e-17,88.91234200540448,2.5100389097865663e-18,5.146089887292849,9.42933412311837,2.2684994792357456,4.1566393157361885,0.0,0.8905767450351808,True,True,True,True,True,True,True,,84967.85542361817,0.03518151693624115,0.01516539193769336,90.03344400445496,-0.5925377203518601,6.486820141460526,9.48881690456525,2.5460985639900593,3.7268065890171473,-0.007091824392835733,0.8656734323115386,True,True,True,True,True,True,True,,0.031323123186613566,0.036345313010918125,0.015165391937693385,0.03938236776128969,1.121101999050482,-0.5925377203518601,1.3407302541676762,0.02176260660443306,0.006308269562857349,0.1223712358302309,-0.10340871412436059,-0.007091824392835733,True
dual_port,90.0,resolution_matched_17x5__curvature_30_um2,held_out_three_peak_fragment,0,3914195272,48403.8615072181,0.15600719455060327,7.472194515382854e-18,102.97840553477842,1.6021073528458504e-17,2.7627303923496673,10.14782762638282,1.6621463209806973,6.1052552944890035,0.0,0.9477453997798244,True,True,True,True,True,True,True,,50407.50841881374,0.3158820095742324,-0.05902321478650207,110.79690647378386,0.7314785571587483,3.8903479120255122,10.526248675534822,1.9711273948202228,5.340217331054278,0.006841796352263341,0.9322445510197599,True,True,True,True,True,True,True,,0.041394360887857085,0.15987481502362913,-0.059023214786502076,0.1704221123052205,7.818500939005446,0.7314785571587483,1.127617519675845,0.07733639112907166,0.037290843231132964,0.18589282419926834,-0.12530810368000467,0.006841796352263341,True
dual_port,90.0,resolution_matched_17x5__curvature_30_um2,held_out_three_peak_fragment,1,1710741007,48403.8615072181,0.15600719455060327,7.472194515382854e-18,102.97840553477842,1.6021073528458504e-17,2.7627303923496673,10.14782762638282,1.6621463209806973,6.1052552944890035,0.0,0.9477453997798244,True,True,True,True,True,True,True,,52917.62282449803,-0.11487838442168172,0.057995890605277815,122.60428590208701,-0.2715655772329685,4.735800392463588,11.072710218279507,2.1760456604950233,5.088454906667998,-0.002303954734133029,0.9256294721584173,True,True,True,True,True,True,True,,0.09325209139784918,-0.270885578972285,0.05799589060527781,0.27702440365832287,19.625880367308607,-0.2715655772329685,1.973070000113921,0.19151057706162367,0.09114094424427654,0.30917815900294254,-0.16654510561398395,-0.002303954734133029,True
dual_port,90.0,resolution_matched_17x5__curvature_30_um2,held_out_off_centre_notch,0,2360754258,94154.74758259323,-0.4645061093629687,0.030947529008360897,95.96261449127877,0.1474128010574314,5.348413872509582,9.79606320439101,2.312611956071506,4.2359303637917005,0.0016268121318328,0.8944206934676328,True,True,True,True,True,True,True,,96500.13663182556,-0.4908797653707544,0.09814733348693651,93.44129929231015,-0.3701261889825838,6.805004959186994,9.666585773199719,2.608337351814362,3.706033564437373,-0.0042720800220532595,0.8642658441791213,True,True,True,True,True,True,True,,0.024909939322761643,-0.02637365600778568,0.06719980447857561,0.07218991240592969,-2.5213151989686136,-0.5175389900400152,1.4565910866774128,0.031238587046314246,-0.013217292343852383,0.127875061341987,-0.12509572959079573,-0.0058988921538860595,True
dual_port,90.0,resolution_matched_17x5__curvature_30_um2,held_out_off_centre_notch,1,1183165545,94154.74758259323,-0.4645061093629687,0.030947529008360897,95.96261449127877,0.1474128010574314,5.348413872509582,9.79606320439101,2.312611956071506,4.2359303637917005,0.0016268121318328,0.8944206934676328,True,True,True,True,True,True,True,,98448.65730481654,-0.7976319290999125,0.08244879121226736,100.4076961579205,-0.8510474968793617,6.656897216387892,10.020749529278413,2.57859889199054,3.886121862692236,-0.009076765389441022,0.8757913884279432,True,True,True,True,True,True,True,,0.04560481369733016,-0.33312581973694383,0.05150126220390647,0.3370833602894191,4.445081666641728,-0.998460297936793,1.308483343878311,0.05040007281082723,0.022936389874116836,0.11501580938415312,-0.08258126811752897,-0.010703577521273822,True
dual_port,150.0,resolution_matched_17x5__curvature_30_um2,held_out_shifted_smooth_cloud,0,1831882532,101336.77859730626,2.000003251276404,-0.2999617130210676,89.28688637563377,1.26598405062876e-06,5.142520440593494,9.449173846195961,2.2677126009689754,4.166830418527641,1.5045380941103303e-08,0.891082225040309,True,True,True,True,True,True,True,,106715.33547947764,2.046970410897451,-0.26325083121262793,93.62090894924971,-0.37996630904966144,6.524038768458515,9.675875492575866,2.553895293444504,3.7886735283989514,-0.00436246063333634,0.8697411837836594,True,True,True,True,True,True,True,,0.05307605941910576,0.0469671596210468,0.03671088180843967,0.059612103855023565,4.334022573615939,-0.37996757503371204,1.381518327865021,0.05121618935069348,0.023991689651383652,0.12619883681611377,-0.0907540869547343,-0.004362475678717281,True
dual_port,150.0,resolution_matched_17x5__curvature_30_um2,held_out_shifted_smooth_cloud,1,873732633,101336.77859730626,2.000003251276404,-0.2999617130210676,89.28688637563377,1.26598405062876e-06,5.142520440593494,9.449173846195961,2.2677126009689754,4.166830418527641,1.5045380941103303e-08,0.891082225040309,True,True,True,True,True,True,True,,105637.96371269095,1.7352350937446652,-0.23741303886028134,92.81851604546056,0.35279849574301403,6.554519595381069,9.63431154158248,2.5598978027593695,3.763553189974009,0.004089662462440025,0.8681115713470472,True,True,True,True,True,True,True,,0.04244446266124968,-0.2647681575317389,0.0625486741607863,0.2720560859124896,3.5316296698267844,0.35279722975896344,1.4119991547875748,0.042891824517774714,0.019593003409610343,0.1288457812800201,-0.09678273124830716,0.0040896474170590835,True
dual_port,150.0,resolution_matched_17x5__curvature_30_um2,held_out_opposite_asymmetry,0,2250552626,99258.45584475552,0.7101971157074417,-0.2844412354694525,87.62324777841955,0.5590213204610665,5.142283107013861,9.360931386139226,2.2668247548999,4.1295346567505575,0.006777164741360586,0.8892154355097025,True,True,True,True,True,True,True,,104608.33836199445,0.6807599257455834,-0.24364080308808017,96.78542526290472,0.8320339761044451,6.480431068119752,9.838347962915032,2.5441630630975953,3.8670272773068826,0.009212556039762454,0.8746388027639779,True,True,True,True,True,True,True,,0.05389850639633553,-0.02943718996185832,0.04080043238137232,0.05031126549151261,9.162177484485172,0.2730126556433786,1.3381479611058917,0.10557853625585802,0.05100096957047673,0.12234660292914534,-0.06356827130983234,0.0024353912984018677,True
dual_port,150.0,resolution_matched_17x5__curvature_30_um2,held_out_opposite_asymmetry,1,2255629949,99258.45584475552,0.7101971157074417,-0.2844412354694525,87.62324777841955,0.5590213204610665,5.142283107013861,9.360931386139226,2.2668247548999,4.1295346567505575,0.006777164741360586,0.8892154355097025,True,True,True,True,True,True,True,,103209.33739241734,0.5741162741840746,-0.2639580018064039,90.73002329772653,0.6899830752930962,6.432977237066718,9.525527309660122,2.5352179408706568,3.757281437661655,0.008184408376898045,0.8677000510001565,True,True,True,True,True,True,True,,0.03980397956060466,-0.13608084152336705,0.020483233663048613,0.137613801237386,3.1067755193069826,0.13096175483202976,1.2906941300528574,0.038384631418595126,0.017583284903104124,0.11840050069622987,-0.09014410824240926,0.0014072436355374585,True
dual_port,150.0,resolution_matched_17x5__curvature_30_um2,held_out_modulation_phase,0,4112390894,82387.2300672188,-0.0011637960746769742,-2.2824085011358424e-17,88.91234200540448,2.5100389097865663e-18,5.146089887292849,9.42933412311837,2.2684994792357456,4.1566393157361885,0.0,0.8905767450351808,True,True,True,True,True,True,True,,85615.57786711163,-0.01002919143428009,-0.018465030522863624,94.13350105968068,0.9967622783156302,6.431514609238046,9.702825780767668,2.5338088990665852,3.829343951054096,0.011363376153164406,0.8723176744062641,True,True,True,True,True,True,True,,0.03918505085386248,-0.008865395359603116,-0.0184650305228636,0.020482982866085613,5.221159054276205,0.9967622783156302,1.2854247219451969,0.06241517657504235,0.02900434474781899,0.11695370541597927,-0.07874038130828886,0.011363376153164406,True
dual_port,150.0,resolution_matched_17x5__curvature_30_um2,held_out_modulation_phase,1,2772211576,82387.2300672188,-0.0011637960746769742,-2.2824085011358424e-17,88.91234200540448,2.5100389097865663e-18,5.146089887292849,9.42933412311837,2.2684994792357456,4.1566393157361885,0.0,0.8905767450351808,True,True,True,True,True,True,True,,85676.52886501505,-0.10445389966493233,-0.017614775792354934,91.48911820238183,0.0886587139712561,6.550670790179177,9.564999254793886,2.559409746084717,3.7371895099743364,0.0010437980429252036,0.8663689851708989,True,True,True,True,True,True,True,,0.039924862082540535,-0.10329010359025535,-0.017614775792354914,0.10478132384113409,2.576776196977352,0.0886587139712561,1.404580902886328,0.03298188456320647,0.01438756225032889,0.1282390714707058,-0.10091080170798095,0.0010437980429252036,True
dual_port,150.0,resolution_matched_17x5__curvature_30_um2,held_out_three_peak_fragment,0,2013644765,48403.8615072181,0.15600719455060327,7.472194515382854e-18,102.97840553477842,1.6021073528458504e-17,2.7627303923496673,10.14782762638282,1.6621463209806973,6.1052552944890035,0.0,0.9477453997798244,True,True,True,True,True,True,True,,50116.15831334087,0.1377362889303916,-0.019573012120517326,115.624013471309,-0.8609509759007218,3.8178335682474227,10.753168962444647,1.952230597207594,5.508144876852983,-0.007699779372007498,0.9361830983171026,True,True,True,True,True,True,True,,0.03537521083658657,-0.018270905620211678,-0.019573012120517333,0.026775526057439117,12.645607936530588,-0.8609509759007218,1.0551031758977552,0.12374674713969565,0.05965230770061858,0.17452391078045482,-0.09780269437299549,-0.007699779372007498,True
dual_port,150.0,resolution_matched_17x5__curvature_30_um2,held_out_three_peak_fragment,1,1145002387,48403.8615072181,0.15600719455060327,7.472194515382854e-18,102.97840553477842,1.6021073528458504e-17,2.7627303923496673,10.14782762638282,1.6621463209806973,6.1052552944890035,0.0,0.9477453997798244,True,True,True,True,True,True,True,,50623.116404476474,0.5317863814977546,0.033098016176313125,105.50830653150935,1.05527701071278,4.067807528895622,10.272257945653323,2.014157580321641,5.100026952217386,0.010401415512049095,0.9259541042652644,True,True,True,True,True,True,True,,0.045848715952702124,0.37577918694715123,0.03309801617631312,0.37723398046500206,2.5299009967309347,1.05527701071278,1.3050771365459546,0.03120078444130863,0.012261769104847664,0.21178115000925457,-0.16464968191895302,0.010401415512049095,True
dual_port,150.0,resolution_matched_17x5__curvature_30_um2,held_out_off_centre_notch,0,774634348,94154.74758259323,-0.4645061093629687,0.030947529008360897,95.96261449127877,0.1474128010574314,5.348413872509582,9.79606320439101,2.312611956071506,4.2359303637917005,0.0016268121318328,0.8944206934676328,True,True,True,True,True,True,True,,100668.15802635983,-0.13456152495661283,0.04118160393741786,102.53393588904882,-0.40771380576229554,6.7327122095967,10.125989878457611,2.5944126657144464,3.9029989377842975,-0.004255728105158951,0.8767972259212556,True,True,True,True,True,True,True,,0.0691777165888845,0.3299445844063559,0.010234074929056966,0.3301032642503501,6.5713213977700535,-0.5551266068197269,1.3842983370871185,0.07034807303845071,0.033679516677548094,0.12185386696765277,-0.07859700170079909,-0.005882540236991751,True
dual_port,150.0,resolution_matched_17x5__curvature_30_um2,held_out_off_centre_notch,1,3078723202,94154.74758259323,-0.4645061093629687,0.030947529008360897,95.96261449127877,0.1474128010574314,5.348413872509582,9.79606320439101,2.312611956071506,4.2359303637917005,0.0016268121318328,0.8944206934676328,True,True,True,True,True,True,True,,99904.74428519187,-0.33692484548746887,0.019872897316966683,100.82868126081972,-0.08569986607092495,6.719132667935087,10.041352463808476,2.592113930042865,3.8738083027247283,-0.0009106384271877488,0.8750499079270303,True,True,True,True,True,True,True,,0.06106964173585294,0.12758126387549984,-0.011074631691394212,0.1280610259179972,4.866066769540957,-0.23311266712835635,1.370718795425506,0.052711316445176966,0.025039575010859183,0.12085986723261444,-0.08548819975001354,-0.0025374505590205487,True
dark_field,30.0,resolution_matched_17x5__curvature_30_um2,held_out_shifted_smooth_cloud,0,384674827,101336.77859730626,2.000003251276404,-0.2999617130210676,89.28688637563377,1.26598405062876e-06,5.142520440593494,9.449173846195961,2.2677126009689754,4.166830418527641,1.5045380941103303e-08,0.891082225040309,True,True,True,True,True,True,True,,130987.80083925778,0.6291308473722246,-0.45952296023963835,129.8105092744709,-4.032786071688806,9.18937211715643,11.399350377398127,3.00910158767372,3.7882903070117844,-0.03338379809039438,0.869716545448996,True,True,True,True,True,True,True,,0.2925988239647841,-1.3708724039041795,-0.1595612472185707,1.380127146099217,40.523622898837104,-4.032787337672857,4.0468516765629365,0.45980500102975413,0.2063859299178059,0.326932516222715,-0.09084605647321131,-0.03338381313577532,True
dark_field,30.0,resolution_matched_17x5__curvature_30_um2,held_out_shifted_smooth_cloud,1,4268159655,101336.77859730626,2.000003251276404,-0.2999617130210676,89.28688637563377,1.26598405062876e-06,5.142520440593494,9.449173846195961,2.2677126009689754,4.166830418527641,1.5045380941103303e-08,0.891082225040309,True,True,True,True,True,True,True,,115126.13791587166,1.3939333856427174,0.054282809211081966,90.98576656527132,-1.058839120951143,9.119997929798732,9.539363665131805,3.0176655479746515,3.16117326903052,-0.01293096081271905,0.8180663140556383,True,True,True,True,True,True,True,,0.13607457735914208,-0.6060698656336868,0.3542445222321496,0.7020041763128757,1.6988801896375445,-1.0588403869351934,3.977477489205237,0.05117676531694736,0.0095447306191907,0.3307089913797838,-0.24134823078604495,-0.012930975858099991,True
dark_field,30.0,resolution_matched_17x5__curvature_30_um2,held_out_opposite_asymmetry,0,3405840650,99258.45584475552,0.7101971157074417,-0.2844412354694525,87.62324777841955,0.5590213204610665,5.142283107013861,9.360931386139226,2.2668247548999,4.1295346567505575,0.006777164741360586,0.8892154355097025,True,True,True,True,True,True,True,,130810.27101916033,-1.1860745213831472,-0.09048609282373385,128.7864102611922,-0.9072516633579114,9.64325108008618,11.348714394289825,3.10424595322557,3.6558683059560937,-0.007614214164155975,0.8607763272011436,True,True,True,True,True,True,True,,0.3178753377319632,-1.896271637090589,0.19395514264571867,1.9061649243947762,41.16316248277266,-1.4662729838189779,4.50096797307232,0.4723347667472918,0.2123488492922745,0.36942476321362117,-0.11470211298993715,-0.01439137890551656,True
dark_field,30.0,resolution_matched_17x5__curvature_30_um2,held_out_opposite_asymmetry,1,1917149750,99258.45584475552,0.7101971157074417,-0.2844412354694525,87.62324777841955,0.5590213204610665,5.142283107013861,9.360931386139226,2.2668247548999,4.1295346567505575,0.006777164741360586,0.8892154355097025,True,True,True,True,True,True,True,,131093.48479507296,2.6873573938168622,-0.0721528624058464,125.42283311442567,-1.0647123440834922,9.007247969121162,11.199668295721402,2.9995851628783106,3.7337390630958254,-0.009144768908113221,0.866138425613716,True,True,True,True,True,True,True,,0.3207286339423696,1.9771602781094206,0.21228837306360612,1.9885243570727804,37.79958533600612,-1.6237336645445588,3.8649648621073007,0.43366421303554675,0.19642670517858973,0.3232541052829505,-0.09584508341823073,-0.015921933649473807,True
dark_field,30.0,resolution_matched_17x5__curvature_30_um2,held_out_modulation_phase,0,3659884712,82387.2300672188,-0.0011637960746769742,-2.2824085011358424e-17,88.91234200540448,2.5100389097865663e-18,5.146089887292849,9.42933412311837,2.2684994792357456,4.1566393157361885,0.0,0.8905767450351808,True,True,True,True,True,True,True,,114396.05165194826,0.006564199064475968,0.0956624270296974,140.29040795011014,3.6260738415803764,9.443588582252046,11.848663129301343,3.0566613454383753,3.8763414687674698,0.027684033208057013,0.8752029759831091,True,True,True,True,True,True,True,,0.38851678298461834,0.007727995139152941,0.09566242702969743,0.09597406865441808,51.37806594470567,3.6260738415803764,4.297498694959196,0.5817563102949173,0.25657474585096973,0.34743753455396886,-0.06743376696351022,0.027684033208057013,True
dark_field,30.0,resolution_matched_17x5__curvature_30_um2,held_out_modulation_phase,1,2330975009,82387.2300672188,-0.0011637960746769742,-2.2824085011358424e-17,88.91234200540448,2.5100389097865663e-18,5.146089887292849,9.42933412311837,2.2684994792357456,4.1566393157361885,0.0,0.8905767450351808,True,True,True,True,True,True,True,,110287.43046838636,1.6273488580493933,-0.16021449503608465,139.9624262525119,-2.7515287558604338,9.974031168134594,11.833031866417812,3.1489385940324452,3.757784254301623,-0.02115486316315973,0.8677331125522295,True,True,True,True,True,True,True,,0.33864714687463215,1.6285126541240704,-0.16021449503608462,1.6363746970244595,51.050084247107414,-2.7515287558604338,4.827941280841745,0.5774157393625758,0.2549170187326566,0.38811519370210235,-0.095956139356278,-0.02115486316315973,True
dark_field,30.0,resolution_matched_17x5__curvature_30_um2,held_out_three_peak_fragment,0,2857238556,48403.8615072181,0.15600719455060327,7.472194515382854e-18,102.97840553477842,1.6021073528458504e-17,2.7627303923496673,10.14782762638282,1.6621463209806973,6.1052552944890035,0.0,0.9477453997798244,True,True,True,True,True,True,True,,90596.05386424612,2.4006452911962084,0.07910481199644005,159.59834260755161,0.9888925304733369,9.312452364829277,12.633481282430587,3.0505648098109504,4.141358099260808,0.006579695846225864,0.8898123040581442,True,True,True,True,True,True,True,,0.8716699668834524,2.2446380966456054,0.07910481199644004,2.246031557256887,56.6199370727732,0.9888925304733369,6.549721972479608,0.5534573662423387,0.24494441052442006,0.8353166452945371,-0.3216732307657856,0.006579695846225864,True
dark_field,30.0,resolution_matched_17x5__curvature_30_um2,held_out_three_peak_fragment,1,3126890057,48403.8615072181,0.15600719455060327,7.472194515382854e-18,102.97840553477842,1.6021073528458504e-17,2.7627303923496673,10.14782762638282,1.6621463209806973,6.1052552944890035,0.0,0.9477453997798244,True,True,True,True,True,True,True,,76536.23108896645,-0.009322145215173093,0.0363310662448022,132.91328712927248,2.803466648238067,8.955263307411483,11.53155057468968,2.9819275276334354,3.867146490928145,0.022600852768407176,0.8746460473066365,True,True,True,True,True,True,True,,0.5812009353334999,-0.16532933976577635,0.036331066244802195,0.16927414735236956,29.934881594494072,2.803466648238067,6.192532915061816,0.2992242317092746,0.13635656805101704,0.794022277096545,-0.3665872589441296,0.022600852768407176,True
dark_field,30.0,resolution_matched_17x5__curvature_30_um2,held_out_off_centre_notch,0,3311499893,94154.74758259323,-0.4645061093629687,0.030947529008360897,95.96261449127877,0.1474128010574314,5.348413872509582,9.79606320439101,2.312611956071506,4.2359303637917005,0.0016268121318328,0.8944206934676328,True,True,True,True,True,True,True,,117058.34955778604,-1.9474759283663532,-0.06587353962912013,126.31490346621098,3.2793746957344374,9.576847107811718,11.24308472845382,3.0797396582878833,3.650660762249033,0.0280622341963368,0.8604065909407116,True,True,True,True,True,True,True,,0.24325488159905695,-1.4829698190033844,-0.09682106863748102,1.4861271154941742,30.352288974932215,3.1319618946770063,4.228433235302136,0.32216492498925037,0.14771459655488894,0.3317148388005038,-0.13816789967689092,0.026435422064504,True
dark_field,30.0,resolution_matched_17x5__curvature_30_um2,held_out_off_centre_notch,1,3500247482,94154.74758259323,-0.4645061093629687,0.030947529008360897,95.96261449127877,0.1474128010574314,5.348413872509582,9.79606320439101,2.312611956071506,4.2359303637917005,0.0016268121318328,0.8944206934676328,True,True,True,True,True,True,True,,111481.07393552862,-0.8074410863996377,0.07113589174851573,106.90201829968942,-0.2819639844313589,9.485106345586944,10.339382690024694,3.0796574865549693,3.3573157843571595,-0.0028943725403642873,0.837021659167194,True,True,True,True,True,True,True,,0.18401967821895115,-0.34293497703666903,0.04018836274015484,0.34528177330243626,10.939403808410644,-0.42937678548879027,4.136692473077363,0.12184949093461336,0.05546304411247016,0.331679306798389,-0.20741950503833784,-0.004521184672197087,True
dark_field,90.0,resolution_matched_17x5__curvature_30_um2,held_out_shifted_smooth_cloud,0,2560732191,101336.77859730626,2.000003251276404,-0.2999617130210676,89.28688637563377,1.26598405062876e-06,5.142520440593494,9.449173846195961,2.2677126009689754,4.166830418527641,1.5045380941103303e-08,0.891082225040309,True,True,True,True,True,True,True,,120767.9960170946,1.3952403885744784,-0.2648220394562239,122.52336416901679,3.4779187192590566,7.619504413344813,11.073777034441264,2.7412279682366547,4.039714012390102,0.030231183010314133,0.8845218204317147,True,True,True,True,True,True,True,,0.19174891573181374,-0.6047628627019257,0.035139673564843724,0.6057828957321856,33.23647779338302,3.4779174532750057,2.4769839727513188,0.37669455339809693,0.17193071211186695,0.20880748603917,-0.030506738544559098,0.030231167964933192,True
dark_field,90.0,resolution_matched_17x5__curvature_30_um2,held_out_shifted_smooth_cloud,1,2524287218,101336.77859730626,2.000003251276404,-0.2999617130210676,89.28688637563377,1.26598405062876e-06,5.142520440593494,9.449173846195961,2.2677126009689754,4.166830418527641,1.5045380941103303e-08,0.891082225040309,True,True,True,True,True,True,True,,115705.62600992026,2.3515251056833044,-0.16495812956543665,112.4560064192872,-1.213212606827707,7.493039421091288,10.605188703786197,2.7347794056311185,3.8778954828858625,-0.011556424133008392,0.8752967421280407,True,True,True,True,True,True,True,,0.14179301544321987,0.3515218544069005,0.135003583455631,0.3765548853374866,23.16912004365343,-1.2132138728117574,2.3505189804977937,0.26109689670029484,0.12234031000028889,0.20596384412317903,-0.06934165939584225,-0.011556439178389333,True
dark_field,90.0,resolution_matched_17x5__curvature_30_um2,held_out_opposite_asymmetry,0,3254067417,99258.45584475552,0.7101971157074417,-0.2844412354694525,87.62324777841955,0.5590213204610665,5.142283107013861,9.360931386139226,2.2668247548999,4.1295346567505575,0.006777164741360586,0.8892154355097025,True,True,True,True,True,True,True,,110950.95418656449,0.01621024827587532,-0.13120026360467932,104.5255581655373,-1.4647389398589434,7.175534359190497,10.224851676106194,2.674602910032844,3.8229419543930105,-0.015041568511307446,0.8719170857747419,True,True,True,True,True,True,True,,0.1177985113942992,-0.6939868674315665,0.1532409718647732,0.710704275789543,16.90231038711775,-2.0237602603200098,2.0332512521766364,0.1966682983412083,0.09228999277210592,0.17988958090011287,-0.07424388650095459,-0.021818733252668032,True
dark_field,90.0,resolution_matched_17x5__curvature_30_um2,held_out_opposite_asymmetry,1,444309646,99258.45584475552,0.7101971157074417,-0.2844412354694525,87.62324777841955,0.5590213204610665,5.142283107013861,9.360931386139226,2.2668247548999,4.1295346567505575,0.006777164741360586,0.8892154355097025,True,True,True,True,True,True,True,,114385.0945261312,0.8266699953154154,-0.26007773526180966,107.12559718658295,2.1312302455621825,7.399770858314535,10.352348656388715,2.7118711882138253,3.817419020999774,0.021357896187915504,0.8715700203891741,True,True,True,True,True,True,True,,0.15239647395919986,0.11647287960797373,0.024363500207642854,0.1189937470060564,19.502349408163397,1.5722089251011162,2.257487751300675,0.22509253960985937,0.10591010972663306,0.19633032167657705,-0.07558130920164763,0.014580731446554918,True
dark_field,90.0,resolution_matched_17x5__curvature_30_um2,held_out_modulation_phase,0,3158489144,82387.2300672188,-0.0011637960746769742,-2.2824085011358424e-17,88.91234200540448,2.5100389097865663e-18,5.146089887292849,9.42933412311837,2.2684994792357456,4.1566393157361885,0.0,0.8905767450351808,True,True,True,True,True,True,True,,100083.22644599859,-0.3059276053669188,0.021104511373614274,131.44930060664788,-1.6851156109148728,7.936492007775082,11.466136523492699,2.8130954194711784,4.075985636366423,-0.013639861304048928,0.8864517582370748,True,True,True,True,True,True,True,,0.2147905247493067,-0.30476380929224184,0.0211045113736143,0.30549366581753695,42.536958601243406,-1.6851156109148728,2.790402120482233,0.4793891666658991,0.21600702380251846,0.24006879667387282,-0.019403579007788108,-0.013639861304048928,True
dark_field,90.0,resolution_matched_17x5__curvature_30_um2,held_out_modulation_phase,1,1784617505,82387.2300672188,-0.0011637960746769742,-2.2824085011358424e-17,88.91234200540448,2.5100389097865663e-18,5.146089887292849,9.42933412311837,2.2684994792357456,4.1566393157361885,0.0,0.8905767450351808,True,True,True,True,True,True,True,,99800.53329301796,0.2972870905458577,-0.1485179531719886,116.91919455949957,-3.224735160421248,8.266026088320533,10.81733875987312,2.858391646007727,3.7844144888198006,-0.029644379786723185,0.8694669744609498,True,True,True,True,True,True,True,,0.2113592508401101,0.2984508866205347,-0.14851795317198857,0.33336243660463644,28.006852554095097,-3.224735160421248,3.1199362010276848,0.32052954629559915,0.1472007056523441,0.26003628044504357,-0.08954946499861571,-0.029644379786723185,True
dark_field,90.0,resolution_matched_17x5__curvature_30_um2,held_out_three_peak_fragment,0,2868007648,48403.8615072181,0.15600719455060327,7.472194515382854e-18,102.97840553477842,1.6021073528458504e-17,2.7627303923496673,10.14782762638282,1.6621463209806973,6.1052552944890035,0.0,0.9477453997798244,True,True,True,True,True,True,True,,64424.43176362589,-1.3174979402427418,0.14189295748207278,135.99101980726215,-2.443789778787321,6.645879353503534,11.663497555132853,2.568992787489995,4.540105216304846,-0.01888457216809325,0.9074611971936227,True,True,True,True,True,True,True,,0.3309771112789992,-1.4735051347933452,0.14189295748207278,1.4803212467722553,33.01261427248373,-2.443789778787321,3.8831489611538657,0.32441142841426346,0.14935905344011946,0.5455876267104098,-0.25636111885394264,-0.01888457216809325,True
dark_field,90.0,resolution_matched_17x5__curvature_30_um2,held_out_three_peak_fragment,1,1723347358,48403.8615072181,0.15600719455060327,7.472194515382854e-18,102.97840553477842,1.6021073528458504e-17,2.7627303923496673,10.14782762638282,1.6621463209806973,6.1052552944890035,0.0,0.9477453997798244,True,True,True,True,True,True,True,,63872.83223651141,0.4994226418405259,-0.4555842202387467,129.3187490118036,-1.396449504638167,6.905943947416064,11.372540491335888,2.624883946414643,4.33258792521847,-0.01140572896326475,0.8988433655826565,True,True,True,True,True,True,True,,0.31958133602598093,0.3434154472899226,-0.4555842202387467,0.5705183179950355,26.340343477025165,-1.396449504638167,4.1432135550663975,0.2595459106784356,0.12068719631864844,0.5792135224688959,-0.29035106375824404,-0.01140572896326475,True
dark_field,90.0,resolution_matched_17x5__curvature_30_um2,held_out_off_centre_notch,0,3837908492,94154.74758259323,-0.4645061093629687,0.030947529008360897,95.96261449127877,0.1474128010574314,5.348413872509582,9.79606320439101,2.312611956071506,4.2359303637917005,0.0016268121318328,0.8944206934676328,True,True,True,True,True,True,True,,109724.65965038881,0.8117699246406955,-0.08401457036610756,117.36313548123091,-1.6422012843255847,8.156854322767835,10.8345661970963,2.851695131800894,3.7993423898206427,-0.015033076866556527,0.8704243820058397,True,True,True,True,True,True,True,,0.16536512993290686,1.2762760340036643,-0.11496209937446845,1.2814432485540308,21.400520989952142,-1.789614085383016,2.808440450258254,0.22611060702711627,0.10601227973292282,0.23310576351302048,-0.10306778829580565,-0.016659888998389327,True
dark_field,90.0,resolution_matched_17x5__curvature_30_um2,held_out_off_centre_notch,1,3411072853,94154.74758259323,-0.4645061093629687,0.030947529008360897,95.96261449127877,0.1474128010574314,5.348413872509582,9.79606320439101,2.312611956071506,4.2359303637917005,0.0016268121318328,0.8944206934676328,True,True,True,True,True,True,True,,110658.82796318331,-0.4048499096219032,0.15546228944782192,128.31880470581078,-1.1237534349547897,7.74832897272371,11.328251300147086,2.7817002281429106,4.072419876713291,-0.009319224275647464,0.8862641410888921,True,True,True,True,True,True,True,,0.1752867572196779,0.059656199741065494,0.12451476043946103,0.13806805472245298,32.356190214532,-1.2711662360122211,2.399915100214129,0.3380942407277318,0.15640855553782917,0.2028391623764918,-0.03860084397894736,-0.010946036407480264,True
dark_field,150.0,resolution_matched_17x5__curvature_30_um2,held_out_shifted_smooth_cloud,0,1948004515,101336.77859730626,2.000003251276404,-0.2999617130210676,89.28688637563377,1.26598405062876e-06,5.142520440593494,9.449173846195961,2.2677126009689754,4.166830418527641,1.5045380941103303e-08,0.891082225040309,True,True,True,True,True,True,True,,117542.55931091195,1.1760625925769368,-0.3374214819484359,119.03424534556058,1.1734288186655493,7.340486336220656,10.910846518818257,2.7070574291235037,4.030519043089157,0.010504223254445222,0.8840249181612433,True,True,True,True,True,True,True,,0.1599200303969055,-0.8239406586994673,-0.03745976892736828,0.8247917575644194,29.74735896992681,1.1734275526814988,2.197965895627162,0.3340372756387546,0.15468788027545233,0.19373920132859856,-0.03271344445225821,0.01050420820906428,True
dark_field,150.0,resolution_matched_17x5__curvature_30_um2,held_out_shifted_smooth_cloud,1,4243389533,101336.77859730626,2.000003251276404,-0.2999617130210676,89.28688637563377,1.26598405062876e-06,5.142520440593494,9.449173846195961,2.2677126009689754,4.166830418527641,1.5045380941103303e-08,0.891082225040309,True,True,True,True,True,True,True,,112136.74251785222,1.8066820605483658,-0.25654076537632226,101.91447839675764,-0.6585455308988323,6.864635070573918,10.09549606804093,2.6191740315415624,3.8544579117177036,-0.006927979711708332,0.8738715110127847,True,True,True,True,True,True,True,,0.1065749678452188,-0.1933211907280385,0.043420947644745383,0.19813748125701597,12.627592021123872,-0.6585467968828829,1.7221146299804238,0.1428801237897259,0.0683998656776923,0.15498499696231804,-0.07496645541920444,-0.006927994757089273,True
dark_field,150.0,resolution_matched_17x5__curvature_30_um2,held_out_opposite_asymmetry,0,3006250895,99258.45584475552,0.7101971157074417,-0.2844412354694525,87.62324777841955,0.5590213204610665,5.142283107013861,9.360931386139226,2.2668247548999,4.1295346567505575,0.006777164741360586,0.8892154355097025,True,True,True,True,True,True,True,,114241.39768547798,0.8998868919314286,-0.32455411457880506,108.34197599433854,-1.783703756020845,7.29771705227146,10.410257123224712,2.6955963486692824,3.861949556491971,-0.017645368641682424,0.8743296616667702,True,True,True,True,True,True,True,,0.15094877018998187,0.1896897762239869,-0.04011287910935256,0.19388464166701744,20.71872821591899,-2.3427250764819116,2.155433945257599,0.2402934598757697,0.11209629616976224,0.18915074614504856,-0.06479788220717919,-0.02442253338304301,True
dark_field,150.0,resolution_matched_17x5__curvature_30_um2,held_out_opposite_asymmetry,1,4288448420,99258.45584475552,0.7101971157074417,-0.2844412354694525,87.62324777841955,0.5590213204610665,5.142283107013861,9.360931386139226,2.2668247548999,4.1295346567505575,0.006777164741360586,0.8892154355097025,True,True,True,True,True,True,True,,112427.16247681147,1.0198200697784,-0.10078493729479121,111.27647065949982,3.244087804978454,7.100906723034412,10.55354896086944,2.6457478551566114,3.988871781678053,0.031100412354088558,0.881734468733067,True,True,True,True,True,True,True,,0.13267087947300293,0.3096229540709581,0.1836562981746613,0.35999445766129057,23.65322288108027,2.685066484517388,1.9586236160205515,0.2738287425255455,0.12740372998525862,0.16716029743262806,-0.0340626454950711,0.024323247612727972,True
dark_field,150.0,resolution_matched_17x5__curvature_30_um2,held_out_modulation_phase,0,2491060400,82387.2300672188,-0.0011637960746769742,-2.2824085011358424e-17,88.91234200540448,2.5100389097865663e-18,5.146089887292849,9.42933412311837,2.2684994792357456,4.1566393157361885,0.0,0.8905767450351808,True,True,True,True,True,True,True,,95829.78869902896,0.4536500023182684,0.17504348892488653,120.45416668562687,0.4701589624819126,7.541692726933593,10.97525053736278,2.7458577994278057,3.99702072687444,0.004163827763792316,0.8821878287425503,True,True,True,True,True,True,True,,0.16316313366576995,0.45481379839294533,0.17504348892488655,0.48733542270556895,31.541824680222394,0.4701589624819126,2.395602839640743,0.35525767897625166,0.16394756979225167,0.21042910724091568,-0.038400875499941756,0.004163827763792316,True
dark_field,150.0,resolution_matched_17x5__curvature_30_um2,held_out_modulation_phase,1,1113987783,82387.2300672188,-0.0011637960746769742,-2.2824085011358424e-17,88.91234200540448,2.5100389097865663e-18,5.146089887292849,9.42933412311837,2.2684994792357456,4.1566393157361885,0.0,0.8905767450351808,True,True,True,True,True,True,True,,96444.12867502973,-0.18526235468940327,-0.0030095027584011586,118.08638708967942,2.456379815737774,7.1545964984972,10.869257216800014,2.6646258917937136,4.079093147850219,0.022128695562942724,0.8866148933073734,True,True,True,True,True,True,True,,0.1706198715060825,-0.18409855861472632,-0.003009502758401136,0.18412315549890146,29.174045084274947,2.456379815737774,2.008506611204351,0.33065724548791986,0.152706763264578,0.17462045558477368,-0.018655977099671817,0.022128695562942724,True
dark_field,150.0,resolution_matched_17x5__curvature_30_um2,held_out_three_peak_fragment,0,2928449662,48403.8615072181,0.15600719455060327,7.472194515382854e-18,102.97840553477842,1.6021073528458504e-17,2.7627303923496673,10.14782762638282,1.6621463209806973,6.1052552944890035,0.0,0.9477453997798244,True,True,True,True,True,True,True,,63882.079017116645,-0.917404832824483,0.012657441776309225,146.39221149763247,3.78357430161668,6.658045489783659,12.103494707295452,2.5604048230479317,4.727180092125951,0.027050522280010814,0.9143330695821552,True,True,True,True,True,True,True,,0.31977236997073866,-1.0734120273750865,0.012657441776309217,1.0734866516849728,43.413805962854056,3.78357430161668,3.895315097433991,0.426299186483872,0.19271780650157977,0.5404208346334065,-0.22571950490047354,0.027050522280010814,True
dark_field,150.0,resolution_matched_17x5__curvature_30_um2,held_out_three_peak_fragment,1,280930832,48403.8615072181,0.15600719455060327,7.472194515382854e-18,102.97840553477842,1.6021073528458504e-17,2.7627303923496673,10.14782762638282,1.6621463209806973,6.1052552944890035,0.0,0.9477453997798244,True,True,True,True,True,True,True,,61830.41881687808,-0.33746025607883695,0.09667474820948946,134.428447476301,1.4885983718215188,6.295314545143378,11.595073913964802,2.505598321985658,4.627666698298168,0.011615501310808352,0.9107752257194396,True,True,True,True,True,True,True,,0.2773860781263864,-0.49346745062944025,0.09667474820948944,0.5028480205510282,31.450041941522585,1.4885983718215188,3.53258415279371,0.307893183621812,0.1426163648877281,0.5074475034829116,-0.24201913350365578,0.011615501310808352,True
dark_field,150.0,resolution_matched_17x5__curvature_30_um2,held_out_off_centre_notch,0,1001486734,94154.74758259323,-0.4645061093629687,0.030947529008360897,95.96261449127877,0.1474128010574314,5.348413872509582,9.79606320439101,2.312611956071506,4.2359303637917005,0.0016268121318328,0.8944206934676328,True,True,True,True,True,True,True,,111815.06490802433,-0.3901404538023667,0.10676044277442259,133.22529981948597,-3.529899745112198,8.047226679782758,11.546634164442315,2.8191782440637287,4.095744633655487,-0.028169185051261536,0.8874832047143522,True,True,True,True,True,True,True,,0.1875669339980901,0.074365655560602,0.0758129137660617,0.10619721569164797,37.2626853282072,-3.6773125461696297,2.698812807273177,0.39246499981897626,0.17870147665713554,0.21904508737935435,-0.033094436899743895,-0.029795997183094336,True
dark_field,150.0,resolution_matched_17x5__curvature_30_um2,held_out_off_centre_notch,1,4218554672,94154.74758259323,-0.4645061093629687,0.030947529008360897,95.96261449127877,0.1474128010574314,5.348413872509582,9.79606320439101,2.312611956071506,4.2359303637917005,0.0016268121318328,0.8944206934676328,True,True,True,True,True,True,True,,106651.66463907229,-0.5724127996455596,0.11503216411753767,118.25918827453329,-0.2947512875996204,7.434106873126073,10.874740097671731,2.7264121030669592,3.98866337390399,-0.002659583047591063,0.8817228405537839,True,True,True,True,True,True,True,,0.13272742349520583,-0.10790669028259087,0.08408463510917677,0.13679941399430917,22.296573783254527,-0.4421640886570518,2.0856930006164913,0.23308946680879003,0.11011330478117087,0.17893194139599045,-0.058373714544819655,-0.004286395179423863,True
