Delta_Hz,Delta_over_2pi_GHz,mode,noise_model,SNR_shot,N_max,sqrt_N_max,SNR_total
750000000.0,0.75,PCI,shot_plus_read_noise,25.93027967465775,7.3976977761399425,2.719870911668409,70.5270134185282
759002278.0407537,0.7590022780407537,PCI,shot_plus_read_noise,25.62296270265874,7.576282409990669,2.7525047520377997,70.52732660035548
768112610.7614048,0.7681126107614048,PCI,shot_plus_read_noise,25.319282507038146,7.7591798891225965,2.785530450223547,70.52763240116714
777332295.1463159,0.777332295146316,PCI,shot_plus_read_noise,25.01919624161535,7.946494369386205,2.818952707901678,70.52793099482508
786662643.7476017,0.7866626437476018,PCI,shot_plus_read_noise,24.72266155826604,8.138332522011131,2.852776283203983,70.52822255110019
796104984.8719888,0.7961049848719888,PCI,shot_plus_read_noise,24.42963660137023,8.33480359435297,2.8870059913954056,70.52850723576834
805660662.769919,0.805660662769919,PCI,shot_plus_read_noise,24.14008000231372,8.536019472107082,2.921646705559569,70.52878521070431
815331037.8269225,0.8153310378269225,PCI,shot_plus_read_noise,23.853950874042777,8.742094743024886,2.9567033572925245,70.52905663397323
825117486.7572882,0.8251174867572882,PCI,shot_plus_read_noise,23.57120880567172,8.953146762168942,2.9921809374048456,70.52932165992016
835021402.8000575,0.8350214028000575,PCI,shot_plus_read_noise,23.29181385714345,9.169295718743882,3.028084496632134,70.52958043925759
845044195.9173726,0.8450441959173726,PCI,shot_plus_read_noise,23.015726553942297,9.390664704541392,3.0644191463540675,70.5298331191505
855187292.9952037,0.8551872929952037,PCI,shot_plus_read_noise,22.742907881859338,9.6173797840381,3.1011900593220822,70.53007984330002
865452138.0464869,0.8654521380464868,PCI,shot_plus_read_noise,22.47331928180964,9.84957006618636,3.138402470395784,70.53032075202458
875840192.416699,0.8758401924166991,PCI,shot_plus_read_noise,22.2069226447013,10.087367777938791,3.176061677288209,70.53055598233952
886352934.9919021,0.8863529349919022,PCI,shot_plus_read_noise,21.94368030635598,10.330908339548456,3.2141730413200307,70.53078566803467
896991862.4092824,0.8969918624092824,PCI,shot_plus_read_noise,21.683555042480666,10.580330441687527,3.2527419881828203,70.53100993975018
907758489.2702181,0.9077584892702182,PCI,shot_plus_read_noise,21.426510063690333,10.835776124428373,3.2917740087114686,70.53122892505056
918654348.3559048,0.9186543483559049,PCI,shot_plus_read_noise,21.172509010581194,11.09739085813211,3.3312746596658926,70.53144274849691
929680990.8455678,0.9296809908455679,PCI,shot_plus_read_noise,20.921515948854328,11.365323626290548,3.3712495645221146,70.53165153171763
940839986.5372949,0.9408399865372948,PCI,shot_plus_read_noise,20.673495364489263,11.639727010368825,3.411704414272846,70.53185539347724
952132924.0715184,0.9521329240715184,PCI,shot_plus_read_noise,20.428412158967266,11.920757276696998,3.452644968237684,70.53205444974385
963561411.1571819,0.9635614111571819,PCI,shot_plus_read_noise,20.186231644543966,12.20857446546007,3.49407705488303,70.5322488137548
975127074.8006191,0.9751270748006191,PCI,shot_plus_read_noise,19.94691953957102,12.503342481837151,3.5360065726518597,70.53243859608094
986831561.5371817,0.9868315615371818,PCI,shot_plus_read_noise,19.710441963866483,12.805229189341635,3.578439490803447,70.53262390468927
998676537.6656469,0.9986765376656469,PCI,shot_plus_read_noise,19.476765434133522,13.114406505415543,3.621381850263176,70.53280484500432
1010663689.4854381,1.0106636894854382,PCI,shot_plus_read_noise,19.2458568594271,13.431050499332528,3.664839764482552,70.53298151996772
1022794723.5366939,1.0227947235366939,PCI,shot_plus_read_noise,19.017683536668404,13.755341492465181,3.7088194203095384,70.53315403009677
1035071366.8432181,1.035071366843218,PCI,shot_plus_read_noise,18.792213146206524,14.087464160973884,3.753327078869344,70.53332247354142
1047495367.1583456,1.0474953671583456,PCI,shot_plus_read_noise,18.569413747427088,14.427607640975586,3.7983690764557867,70.53348694614002
1060068493.2137599,1.0600684932137598,PCI,shot_plus_read_noise,18.349253774407536,14.775965636252339,3.843951825433344,70.53364754147353
1072792534.9712973,1.0727925349712972,PCI,shot_plus_read_noise,18.131702031618566,15.132736528561189,3.8900818151500602,70.53380435091879
1085669303.8777728,1.0856693038777727,PCI,shot_plus_read_noise,17.91672768967152,15.498123490607899,3.9367656128613877,70.5339574637003
1098700633.122865,1.098700633122865,PCI,shot_plus_read_noise,17.704300281111276,15.872334601749051,3.984009864665128,70.53410696694093
1111888377.9000971,1.1118883779000972,PCI,shot_plus_read_noise,17.49438969625419,16.25558296648848,4.0318212964476094,70.53425294571126
1125234415.6709497,1.1252344156709497,PCI,shot_plus_read_noise,17.28696617907095,16.6480868358352,4.080206714841198,70.53439548307799
1138740646.4321427,1.1387406464321428,PCI,shot_plus_read_noise,17.082000323113743,17.050069731592338,4.1291730081933276,70.53453466015097
1152408992.9861293,1.1524089929861292,PCI,shot_plus_read_noise,16.879463067487436,17.461760573647613,4.178727147547159,70.53467055612938
1166241401.2148306,1.1662414012148306,PCI,shot_plus_read_noise,16.679325692864545,17.88339381033778,4.228876187633989,70.53480324834666
1180239840.3566628,1.1802398403566627,PCI,shot_plus_read_noise,16.48155981754331,18.31520955196161,4.279627267877614,70.53493281231434
1194406303.2868834,1.1944063032868832,PCI,shot_plus_read_noise,16.286137393548827,18.757453707517012,4.330987613410712,70.53505932176499
1208742806.8013065,1.2087428068013064,PCI,shot_plus_read_noise,16.093030702776666,19.21037812474053,4.38296453610345,70.5351828486941
1223251391.9034216,1.2232513919034216,PCI,shot_plus_read_noise,15.902212353178648,19.674240733528713,4.435565435604429,70.535303463401
1237934124.0949595,1.2379341240949595,PCI,shot_plus_read_noise,15.713655274990408,20.149305692823223,4.488797800394135,70.53542123452864
1252793093.669946,1.2527930936699458,PCI,shot_plus_read_noise,15.527332717000379,20.63584354104319,4.5426692088510245,70.53553622910273
1267830416.0122828,1.2678304160122829,PCI,shot_plus_read_noise,15.343218242859859,21.134131350150483,4.5971873303304145,70.53564851256982
1283048231.8969057,1.2830482318969056,PCI,shot_plus_read_noise,15.161285727433638,21.644452883435807,4.65235992625633,70.5357581488343
1298448707.7945502,1.2984487077945501,PCI,shot_plus_read_noise,14.98150935319106,22.167098757115195,4.708194851226444,70.53586520029495
1314034036.180182,1.3140340361801819,PCI,shot_plus_read_noise,14.803863606636858,22.70236660582928,4.7647000541303,70.53596972788021
1329806435.8451257,1.3298064358451256,PCI,shot_plus_read_noise,14.628323274781659,23.250561252139153,4.8218835792809385,70.53607179108285
1345768152.212941,1.345768152212941,PCI,shot_plus_read_noise,14.45486344165157,23.811994880115822,4.8797535675601305,70.53617144799375
1361921457.6590905,1.3619214576590906,PCI,shot_plus_read_noise,14.283459484836646,24.386987213121703,4.9383182575773406,70.53626875533504
1378268651.834445,1.378268651834445,PCI,shot_plus_read_noise,14.114087072077737,24.97586569588562,4.997585986842609,70.53636376849214
1394812061.9926693,1.3948120619926694,PCI,shot_plus_read_noise,13.946722157891449,25.57896568097496,5.057565192953518,70.53645654154538
1411554043.3215425,1.4115540433215426,PCI,shot_plus_read_noise,13.781340980232754,26.19663061977115,5.118264414796402,70.53654712730066
1428496979.27825,1.42849697927825,PCI,shot_plus_read_noise,13.617920057194985,26.829212258057165,5.179692293761972,70.53663557731946
1445643281.9287028,1.4456432819287028,PCI,shot_plus_read_noise,13.456436183746778,27.477070836328647,5.241857574975559,70.53672194194826
1462995392.2909293,1.4629953922909293,PCI,shot_plus_read_noise,13.296866428505629,28.140575294942355,5.304769108542082,70.53680627034694
1480555780.6825886,1.4805557806825886,PCI,shot_plus_read_noise,13.139188130547707,28.82010348421915,5.368435850806001,70.53688861051698
1498326947.072655,1.498326947072655,PCI,shot_plus_read_noise,12.983378896253523,29.51604237962098,5.432866865626377,70.53696900932853
1516311421.4373238,1.516311421437324,PCI,shot_plus_read_noise,12.829416596189189,30.228788302124336,5.498071325667241,70.5370475125472
1534511764.1201894,1.5345117641201895,PCI,shot_plus_read_noise,12.6772793620228,30.958747143915794,5.564058513703445,70.53712416485995
1552930566.196746,1.552930566196746,PCI,shot_plus_read_noise,12.52694558347568,31.706334599538206,5.6308378239422066,70.53719900990063
1571570449.8432636,1.5715704498432637,PCI,shot_plus_read_noise,12.37839390530806,32.47197640261901,5.6984187633605,70.53727209027471
1590434068.710092,1.5904340687100922,PCI,shot_plus_read_noise,12.231603224338919,33.256108568315625,5.7668109530585125,70.5373434475835
1609524108.299446,1.609524108299446,PCI,shot_plus_read_noise,12.086552686499562,34.05917764161594,5.836024129629344,70.53741312244782
1628843286.3477232,1.6288432863477231,PCI,shot_plus_read_noise,11.94322168392067,34.8816409516352,5.906068146545144,70.53748115453114
1648394353.2124126,1.6483943532124126,PCI,shot_plus_read_noise,11.801589852052391,35.723966872054326,5.9769529755598985,70.53754758256204
1668180092.2636478,1.6681800922636478,PCI,shot_plus_read_noise,11.661637066817194,36.586635087847846,6.048688708129047,70.53761244435631
1688203320.2804577,1.6882033202804578,PCI,shot_plus_read_noise,11.523343441795156,37.470136868453245,6.121285556846147,70.53767577683846
1708466887.8517754,1.7084668878517755,PCI,shot_plus_read_noise,11.386689325441264,38.37497534753746,6.194753856896774,70.5377376160626
1728973679.7822592,1.7289736797822592,PCI,shot_plus_read_noise,11.251655298334514,39.30166580951981,6.26910406752989,70.53779799723314
1749726615.5029857,1.7497266155029858,PCI,shot_plus_read_noise,11.118222170458363,40.25073598301441,6.344346773546857,70.53785695472465
1770728649.4870722,1.7707286494870722,PCI,shot_plus_read_noise,10.986370978512277,41.222726341359376,6.42049268680834,70.53791452210146
1791982771.6702867,1.7919827716702867,PCI,shot_plus_read_noise,10.856082983254032,42.218190410403714,6.497552647759287,70.53797073213677
1813492007.8767087,1.8134920078767087,PCI,shot_plus_read_noise,10.72733966687242,43.23769508372749,6.575537626972222,70.53802561683126
1835259420.2494962,1.8352594202494963,PCI,shot_plus_read_noise,10.60012273039008,44.28182094547437,6.654458726709061,70.53807920743134
1857288107.6868274,1.8572881076868275,PCI,shot_plus_read_noise,10.474414091096074,45.351162600980906,6.734327182501672,70.53813153444683
1879581206.2830703,1.8795812062830703,PCI,shot_plus_read_noise,10.350195880007975,46.446329015390305,6.815154364751418,70.53818262766849
1902141889.775251,1.902141889775251,PCI,shot_plus_read_noise,10.227450439363036,47.56794386044394,6.896951780347891,70.5382325161847
1924973369.9948795,1.9249733699948794,PCI,shot_plus_read_noise,10.10616032013828,48.71664586964779,6.979731074307074,70.53828122839828
1948078897.3252,1.9480788973252001,PCI,shot_plus_read_noise,9.986308279599042,49.89308920201634,7.063504031429185,70.53832879204248
1971461761.1639287,1.9714617611639287,PCI,shot_plus_read_noise,9.867877278875753,51.09794381460098,7.148282577976404,70.53837523419675
1995125290.391544,1.9951252903915442,PCI,shot_plus_read_noise,9.75085048056868,52.331895844014745,7.2340787833707445,70.53842058130232
2019072853.845203,2.019072853845203,PCI,shot_plus_read_noise,9.635211246380214,53.595647997171156,7.3209048619123,70.53846485917698
2043307860.7983396,2.0433078607983397,PCI,shot_plus_read_noise,9.520943134774516,54.88991995145959,7.4087731745181395,70.53850809303007
2067833761.4460251,2.067833761446025,PCI,shot_plus_read_noise,9.408029898664147,56.21544876458461,7.497696230482041,70.53855030747651
2092654047.3961515,2.0926540473961515,PCI,shot_plus_read_noise,9.296455483123463,57.572989294303184,7.587686689255374,70.53859152655104
2117772252.1665099,2.11777225216651,PCI,shot_plus_read_noise,9.186204023128399,58.963314628298576,7.678757362249349,70.53863177372178
2143191951.6878376,2.1431919516878377,PCI,shot_plus_read_noise,9.077259841322416,60.38721652443579,7.770921214658903,70.53867107190366
2168916764.812904,2.168916764812904,PCI,shot_plus_read_noise,8.969607445808277,61.845505861649265,7.864191367308483,70.53870944347135
2194950353.831701,2.194950353831701,PCI,shot_plus_read_noise,8.86323152796545,63.33901310171932,7.958581098519969,70.5387469102721
2221296424.9928255,2.2212964249928255,PCI,shot_plus_read_noise,8.758116960292723,64.86858876220099,8.054103846003041,70.53878349363809
2247958729.0311155,2.2479587290311156,PCI,shot_plus_read_noise,8.654248794275887,66.43510390077388,8.150773208768227,70.53881921439863
2274941061.701619,2.274941061701619,PCI,shot_plus_read_noise,8.551612258280132,68.03945061128928,8.248602949062906,70.538854092892
2302247264.319973,2.302247264319973,PCI,shot_plus_read_noise,8.450192755466901,69.68254253179649,8.34760699433056,70.53888814897692
2329881224.30927,2.32988122430927,PCI,shot_plus_read_noise,8.349975861734944,71.36531536483882,8.447799439193547,70.53892140204411
2357846875.753488,2.3578468757534883,PCI,shot_plus_read_noise,8.250947323685258,73.0887274103142,8.549194547459674,70.538953871027
2386148199.9575624,2.3861481999575624,PCI,shot_plus_read_noise,8.153093056609736,74.85376011120456,8.651806754152831,70.53898557441266
2414789226.014178,2.414789226014178,PCI,shot_plus_read_noise,8.05639914250317,76.6614186124847,8.755650667568041,70.53901653025247
2443774031.3773723,2.443774031377372,PCI,shot_plus_read_noise,7.960851828098363,78.51273233352919,8.860741071351153,70.53904675617208
2473106742.443016,2.473106742443016,PCI,shot_plus_read_noise,7.866437522924177,80.40875555434235,8.96709292660349,70.53907626938167
2502791535.1362624,2.5027915351362626,PCI,shot_plus_read_noise,7.773142797386125,82.35056801594646,9.074721374011792,70.53910508668568
2532832635.506051,2.532832635506051,PCI,shot_plus_read_noise,7.680954380869382,84.33927553526877,9.183641736003684,70.5391332244924
2563234320.326744,2.5632343203267443,PCI,shot_plus_read_noise,7.5898591598638525,86.3760106348787,9.29386951892906,70.53916069882318
2594000917.7069893,2.5940009177069894,PCI,shot_plus_read_noise,7.49984417611114,88.46193318793318,9.405420415267633,70.53918752532178
2625136807.705881,2.625136807705881,PCI,shot_plus_read_noise,7.410896624773133,90.59823107869681,9.518310305862949,70.53921371926306
2656646422.956527,2.6566464229565274,PCI,shot_plus_read_noise,7.323003852621919,92.78612087901486,9.632555262183283,70.53923929556171
2688534249.297098,2.6885342492970983,PCI,shot_plus_read_noise,7.236153356250883,95.02684854112225,9.748171548609628,70.53926426878093
2720804826.409447,2.7208048264094473,PCI,shot_plus_read_noise,7.150332780306659,97.32169010718445,9.86517562475116,70.53928865314045
2753462748.4653974,2.7534627484653975,PCI,shot_plus_read_noise,7.065529915741765,99.67195243597354,9.983584147788486,70.5393124625248
2786512664.7807884,2.7865126647807883,PCI,shot_plus_read_noise,6.981732698087629,102.07897394709398,10.103413974845036,70.53933571049109
2819959280.4773717,2.819959280477372,PCI,shot_plus_read_noise,6.898929205747843,104.5441253831814,10.224682165386922,70.53935841027693
2853807357.1526537,2.853807357152654,PCI,shot_plus_read_noise,6.817107658311332,107.0688105905086,10.347405983651583,70.53938057480771
2888061713.55777,2.8880617135577697,PCI,shot_plus_read_noise,6.736256414885308,109.654467318443,10.471602901105589,70.53940221670413
2922727226.2835064,2.9227272262835062,PCI,shot_plus_read_noise,6.656363972447693,112.30256803821159,10.597290598931956,70.5394233482893
2957808830.454552,2.9578088304545522,PCI,shot_plus_read_noise,6.577418964218849,115.01462078143896,10.724486970547307,70.53944398159581
2993311520.432084,2.993311520432084,PCI,shot_plus_read_noise,6.4994101580523616,117.7921699989365,10.853210124149284,70.53946412837259
3029240350.524779,3.0292403505247787,PCI,shot_plus_read_noise,6.422326454844703,120.63679744023021,10.983478385294442,70.53948380009147
3065600435.7083707,3.0656004357083706,PCI,shot_plus_read_noise,6.346156886963491,123.55012305433101,11.115310299507208,70.53950300795388
3102396952.35384,3.10239695235384,PCI,shot_plus_read_noise,6.2708906166942,126.53380591225775,11.248724634920073,70.53952176289718
3139635138.964342,3.139635138964342,PCI,shot_plus_read_noise,6.196516934705056,129.58954515183936,11.38374038494551,70.53954007560071
3177320296.920979,3.177320296920979,PCI,shot_plus_read_noise,6.123025258529976,132.71908094533413,11.520376770979937,70.53955795649216
3215457791.2375293,3.215457791237529,PCI,shot_plus_read_noise,6.050405131069255,135.92419549041747,11.658653245140172,70.53957541575332
3254053051.324232,3.2540530513242323,PCI,shot_plus_read_noise,5.978646219107871,139.20671402510183,11.79858949303271,70.53959246332586
3293111571.760744,3.293111571760744,PCI,shot_plus_read_noise,5.907738311851182,142.56850586716735,11.940205436556246,70.5396091089171
3332638913.078363,3.332638913078363,PCI,shot_plus_read_noise,5.8376713194778045,146.01148547869465,12.083521236737852,70.53962536200552
3372640702.551651,3.372640702551651,PCI,shot_plus_read_noise,5.768435271709495,149.53761355630579,12.228557296603135,70.53964123184603
3413122634.9995613,3.4131226349995614,PCI,shot_plus_read_noise,5.700020316397803,153.14889814773647,12.37533426408097,70.53965672747539
3454090473.59617,3.4540904735961697,PCI,shot_plus_read_noise,5.632416718127361,156.8473957953716,12.523873034942968,70.53967185771722
3495550050.6911454,3.495550050691145,PCI,shot_plus_read_noise,5.565614856835574,160.63521270739813,12.674194755778299,70.53968663118722
3537507268.6400676,3.5375072686400677,PCI,shot_plus_read_noise,5.4996052264485185,164.51450595724188,12.826320827004206,70.53970105629782
3579968100.644714,3.579968100644714,PCI,shot_plus_read_noise,5.434378433532893,168.48748471197064,12.980272905912674,70.53971514126317
3622938591.6034245,3.6229385916034245,PCI,shot_plus_read_noise,5.369925195963814,172.55641149036325,13.136072909753631,70.53972889410372
3666424858.971679,3.6664248589716792,PCI,shot_plus_read_noise,5.306236341608289,176.72360345136062,13.293743018855173,70.53974232265081
3710433093.6330047,3.7104330936330046,PCI,shot_plus_read_noise,5.243302807024155,180.99143371363488,13.453305679781266,70.53975543455113
3754969560.7803345,3.7549695607803346,PCI,shot_plus_read_noise,5.18111563617435,185.36233270702397,13.614783608527311,70.53976823727109
3800040600.80795,3.80004060080795,PCI,shot_plus_read_noise,5.119665979156279,189.83878955660626,13.778199793754126,70.53978073810106
3845652630.2141185,3.8456526302141185,PCI,shot_plus_read_noise,5.058945090946185,194.42335350019744,13.943577500060645,70.53979294415949
3891812142.5145755,3.8918121425145755,PCI,shot_plus_read_noise,4.998944330158254,199.11863534008327,14.110940271296002,70.53980486239693
3938525709.166972,3.938525709166972,PCI,shot_plus_read_noise,4.939655157818362,203.92730892981032,14.28031193391133,70.5398164996002
3985799980.5064096,3.9857999805064095,PCI,shot_plus_read_noise,4.881069136152232,208.8521126968833,14.451716600351784,70.53982786239595
4033641686.6922092,4.033641686692209,PCI,shot_plus_read_noise,4.8231779273879045,213.89585120223538,14.625178672489282,70.53983895725464
4082057638.666046,4.082057638666046,PCI,shot_plus_read_noise,4.76597329257228,219.06139673736038,14.800722845096464,70.53984979049416
4131054729.1215844,4.131054729121584,PCI,shot_plus_read_noise,4.709447090401624,224.351690960016,14.978374109362337,70.53986036828347
4180639933.4857483,4.1806399334857485,PCI,shot_plus_read_noise,4.65359127606583,229.76974656942946,15.158157756450137,70.53987069664596
4230820310.9117713,4.2308203109117715,PCI,shot_plus_read_noise,4.5983979001063515,235.31864902195878,15.340099381097854,70.53988078146311
4281603005.284165,4.281603005284165,PCI,shot_plus_read_noise,4.543859107287537,241.0015582881889,15.524224885262031,70.5398906284777
4332995246.235758,4.3329952462357575,PCI,shot_plus_read_noise,4.489967135481308,246.82171065246132,15.710560481805267,70.53990024329703
4385004350.1769285,4.385004350176929,PCI,shot_plus_read_noise,4.436714314564986,252.7824205558618,15.89913269822797,70.53990963139626
4437637721.337206,4.437637721337206,PCI,shot_plus_read_noise,4.384093065332097,258.8870824837184,16.089968380444954,70.53991879812143
4490902852.819358,4.4909028528193575,PCI,shot_plus_read_noise,4.332095898416046,265.13917289868044,16.28309469660729,70.53992774869252
4544807327.666148,4.544807327666148,PCI,shot_plus_read_noise,4.280715413226466,271.5422522204842,16.478539140970117,70.5399364882064
4599358819.93989,4.59935881993989,PCI,shot_plus_read_noise,4.229944296898132,278.09996685352854,16.67632953780683,70.53994502163985
4654565095.814946,4.654565095814946,PCI,shot_plus_read_noise,4.179775323252262,284.81605126341645,16.87649404537022,70.53995335385217
4710434014.683363,4.710434014683363,PCI,shot_plus_read_noise,4.130201351770094,291.6943301036468,17.079061159901233,70.5399614895882
4766973530.273767,4.766973530273767,PCI,shot_plus_read_noise,4.081215326578554,298.738720393666,17.284059719685825,70.5399694334808
4824191691.783685,4.8241916917836845,PCI,shot_plus_read_noise,4.032810275447908,305.95323374951795,17.49151890916046,70.53997719005369
4882096645.025459,4.8820966450254595,PCI,shot_plus_read_noise,3.984979308801251,313.3419786683665,17.70146826306695,70.53998476372381
4940696633.585925,4.940696633585925,PCI,shot_plus_read_noise,3.937715618735682,320.9091628681888,17.913937670657134,70.5399921588041
5000000000.0,5.0,PCI,shot_plus_read_noise,3.8910124780550297,328.6590956839729,18.12895737994805,70.53999937950569
750000000.0,0.75,PCI,shot_noise_only,26.57844125419852,7.3976977761399425,2.719870911668409,72.28992924478219
759002278.0407537,0.7590022780407537,PCI,shot_noise_only,26.263442488694395,7.576282409990669,2.7525047520377997,72.29025025500277
768112610.7614048,0.7681126107614048,PCI,shot_noise_only,25.952171405596367,7.7591798891225965,2.785530450223547,72.29056369970951
777332295.1463159,0.777332295146316,PCI,shot_noise_only,25.644584087726958,7.946494369386205,2.818952707901678,72.29086975711019
786662643.7476017,0.7866626437476018,PCI,shot_noise_only,25.340637128414574,8.138332522011131,2.852776283203983,72.29116860121938
796104984.8719888,0.7961049848719888,PCI,shot_noise_only,25.040287625802737,8.33480359435297,2.8870059913954056,72.29146040195674
805660662.769919,0.805660662769919,PCI,shot_noise_only,24.743493177214106,8.536019472107082,2.921646705559569,72.29174532524327
815331037.8269225,0.8153310378269225,PCI,shot_noise_only,24.450211873569057,8.742094743024886,2.9567033572925245,72.29202353309518
825117486.7572882,0.8251174867572882,PCI,shot_noise_only,24.160402293858464,8.953146762168942,2.9921809374048456,72.2922951837156
835021402.8000575,0.8350214028000575,PCI,shot_noise_only,23.87402349967076,9.169295718743882,3.028084496632134,72.29256043158426
845044195.9173726,0.8450441959173726,PCI,shot_noise_only,23.59103502977263,9.390664704541392,3.0644191463540675,72.29281942754474
855187292.9952037,0.8551872929952037,PCI,shot_noise_only,23.311396894743485,9.6173797840381,3.1011900593220822,72.29307231889015
865452138.0464869,0.8654521380464868,PCI,shot_noise_only,23.035069571663158,9.84957006618636,3.138402470395784,72.2933192494464
875840192.416699,0.8758401924166991,PCI,shot_noise_only,22.76201399885266,10.087367777938791,3.176061677288209,72.29356035965367
886352934.9919021,0.8863529349919022,PCI,shot_noise_only,22.49219157066779,10.330908339548456,3.2141730413200307,72.29379578664604
896991862.4092824,0.8969918624092824,PCI,shot_noise_only,22.225564132345177,10.580330441687527,3.2527419881828203,72.29402566432923
907758489.2702181,0.9077584892702182,PCI,shot_noise_only,21.96209397490054,10.835776124428373,3.2917740087114686,72.29425012345634
918654348.3559048,0.9186543483559049,PCI,shot_noise_only,21.701743830078783,11.09739085813211,3.3312746596658926,72.29446929170209
929680990.8455678,0.9296809908455679,PCI,shot_noise_only,21.444476865355732,11.365323626290548,3.3712495645221146,72.29468329373508
940839986.5372949,0.9408399865372948,PCI,shot_noise_only,21.190256678991087,11.639727010368825,3.411704414272846,72.29489225128856
952132924.0715184,0.9521329240715184,PCI,shot_noise_only,20.93904729513229,11.920757276696998,3.452644968237684,72.2950962832294
963561411.1571819,0.9635614111571819,PCI,shot_noise_only,20.690813158968997,12.20857446546007,3.49407705488303,72.29529550562543
975127074.8006191,0.9751270748006191,PCI,shot_noise_only,20.4455191319378,12.503342481837151,3.5360065726518597,72.29549003181141
986831561.5371817,0.9868315615371818,PCI,shot_noise_only,20.203130486976868,12.805229189341635,3.578439490803447,72.2956799724531
998676537.6656469,0.9986765376656469,PCI,shot_noise_only,19.96361290383015,13.114406505415543,3.621381850263176,72.29586543561024
1010663689.4854381,1.0106636894854382,PCI,shot_noise_only,19.726932464400743,13.431050499332528,3.664839764482552,72.29604652679762
1022794723.5366939,1.0227947235366939,PCI,shot_noise_only,19.493055648153206,13.755341492465181,3.7088194203095384,72.29622334904515
1035071366.8432181,1.035071366843218,PCI,shot_noise_only,19.261949327564267,14.087464160973884,3.753327078869344,72.29639600295612
1047495367.1583456,1.0474953671583456,PCI,shot_noise_only,19.03358076362173,14.427607640975586,3.7983690764557867,72.29656458676449
1060068493.2137599,1.0600684932137598,PCI,shot_noise_only,18.807917601371116,14.775965636252339,3.843951825433344,72.29672919639043
1072792534.9712973,1.0727925349712972,PCI,shot_noise_only,18.584927865509673,15.132736528561189,3.8900818151500602,72.29688992549481
1085669303.8777728,1.0856693038777727,PCI,shot_noise_only,18.36457995602748,15.498123490607899,3.9367656128613877,72.29704686553248
1098700633.122865,1.098700633122865,PCI,shot_noise_only,18.14684264389513,15.872334601749051,3.984009864665128,72.29720010580401
1111888377.9000971,1.1118883779000972,PCI,shot_noise_only,17.93168506679768,16.25558296648848,4.0318212964476094,72.29734973350646
1125234415.6709497,1.1252344156709497,PCI,shot_noise_only,17.719076724914586,16.6480868358352,4.080206714841198,72.29749583378289
1138740646.4321427,1.1387406464321428,PCI,shot_noise_only,17.508987476745027,17.050069731592338,4.1291730081933276,72.29763848977056
1152408992.9861293,1.1524089929861292,PCI,shot_noise_only,17.301387534978435,17.461760573647613,4.178727147547159,72.29777778264841
1166241401.2148306,1.1662414012148306,PCI,shot_noise_only,17.09624746240981,17.88339381033778,4.228876187633989,72.29791379168286
1180239840.3566628,1.1802398403566627,PCI,shot_noise_only,16.893538167899283,18.31520955196161,4.279627267877614,72.298046594273
1194406303.2868834,1.1944063032868832,PCI,shot_noise_only,16.693230902375777,18.757453707517012,4.330987613410712,72.29817626599441
1208742806.8013065,1.2087428068013064,PCI,shot_noise_only,16.495297254884246,19.21037812474053,4.38296453610345,72.29830288064224
1223251391.9034216,1.2232513919034216,PCI,shot_noise_only,16.299709148676094,19.674240733528713,4.435565435604429,72.29842651027298
1237934124.0949595,1.2379341240949595,PCI,shot_noise_only,16.106438837342452,20.149305692823223,4.488797800394135,72.29854722524547
1252793093.669946,1.2527930936699458,PCI,shot_noise_only,15.915458900989902,20.63584354104319,4.5426692088510245,72.2986650942608
1267830416.0122828,1.2678304160122829,PCI,shot_noise_only,15.726742242458295,21.134131350150483,4.5971873303304145,72.29878018440141
1283048231.8969057,1.2830482318969056,PCI,shot_noise_only,15.54026208358017,21.644452883435807,4.65235992625633,72.29889256116908
1298448707.7945502,1.2984487077945501,PCI,shot_noise_only,15.355991961481603,22.167098757115195,4.708194851226444,72.29900228852235
1314034036.180182,1.3140340361801819,PCI,shot_noise_only,15.173905724923825,22.70236660582928,4.7647000541303,72.29910942891262
1329806435.8451257,1.3298064358451256,PCI,shot_noise_only,14.993977530685498,23.250561252139153,4.8218835792809385,72.29921404331976
1345768152.212941,1.345768152212941,PCI,shot_noise_only,14.816181839985067,23.811994880115822,4.8797535675601305,72.29931619128675
1361921457.6590905,1.3619214576590906,PCI,shot_noise_only,14.640493414942936,24.386987213121703,4.9383182575773406,72.29941593095353
1378268651.834445,1.378268651834445,PCI,shot_noise_only,14.466887315083005,24.97586569588562,4.997585986842609,72.29951331908993
1394812061.9926693,1.3948120619926694,PCI,shot_noise_only,14.295338893873279,25.57896568097496,5.057565192953518,72.29960841112815
1411554043.3215425,1.4115540433215426,PCI,shot_noise_only,14.125823795305031,26.19663061977115,5.118264414796402,72.29970126119399
1428496979.27825,1.42849697927825,PCI,shot_noise_only,13.958317950510336,26.829212258057165,5.179692293761972,72.2997919221378
1445643281.9287028,1.4456432819287028,PCI,shot_noise_only,13.792797574417431,27.477070836328647,5.241857574975559,72.29988044556453
1462995392.2909293,1.4629953922909293,PCI,shot_noise_only,13.629239162443625,28.140575294942355,5.304769108542082,72.2999668818629
1480555780.6825886,1.4805557806825886,PCI,shot_noise_only,13.46761948722537,28.82010348421915,5.368435850806001,72.3000512802342
1498326947.072655,1.498326947072655,PCI,shot_noise_only,13.307915595385097,29.51604237962098,5.432866865626377,72.30013368872022
1516311421.4373238,1.516311421437324,PCI,shot_noise_only,13.15010480433449,30.228788302124336,5.498071325667241,72.30021415423049
1534511764.1201894,1.5345117641201895,PCI,shot_noise_only,12.994164699113817,30.958747143915794,5.564058513703445,72.300292722569
1552930566.196746,1.552930566196746,PCI,shot_noise_only,12.84007312926695,31.706334599538206,5.6308378239422066,72.30036943846031
1571570449.8432636,1.5715704498432637,PCI,shot_noise_only,12.687808205751706,32.47197640261901,5.6984187633605,72.30044434557485
1590434068.710092,1.5904340687100922,PCI,shot_noise_only,12.537348297885185,33.256108568315625,5.7668109530585125,72.30051748655379
1609524108.299446,1.609524108299446,PCI,shot_noise_only,12.388672030323711,34.05917764161594,5.836024129629344,72.30058890303333
1628843286.3477232,1.6288432863477231,PCI,shot_noise_only,12.241758280077063,34.8816409516352,5.906068146545144,72.30065863566841
1648394353.2124126,1.6483943532124126,PCI,shot_noise_only,12.096586173556569,35.723966872054326,5.9769529755598985,72.30072672415565
1668180092.2636478,1.6681800922636478,PCI,shot_noise_only,11.953135083656813,36.586635087847846,6.048688708129047,72.30079320725612
1688203320.2804577,1.6882033202804578,PCI,shot_noise_only,11.811384626870545,37.470136868453245,6.121285556846147,72.30085812281729
1708466887.8517754,1.7084668878517755,PCI,shot_noise_only,11.671314660436439,38.37497534753746,6.194753856896774,72.3009215077945
1728973679.7822592,1.7289736797822592,PCI,shot_noise_only,11.532905279519417,39.30166580951981,6.26910406752989,72.30098339827211
1749726615.5029857,1.7497266155029858,PCI,shot_noise_only,11.396136814423135,40.25073598301441,6.344346773546857,72.30104382948397
1770728649.4870722,1.7707286494870722,PCI,shot_noise_only,11.260989827834324,41.222726341359376,6.42049268680834,72.30110283583339
1791982771.6702867,1.7919827716702867,PCI,shot_noise_only,11.127445112098655,42.218190410403714,6.497552647759287,72.30116045091276
1813492007.8767087,1.8134920078767087,PCI,shot_noise_only,10.995483686527777,43.23769508372749,6.575537626972222,72.30121670752264
1835259420.2494962,1.8352594202494963,PCI,shot_noise_only,10.86508679473723,44.28182094547437,6.654458726709061,72.30127163769055
1857288107.6868274,1.8572881076868275,PCI,shot_noise_only,10.736235902014839,45.351162600980906,6.734327182501672,72.30132527268889
1879581206.2830703,1.8795812062830703,PCI,shot_noise_only,10.608912692719363,46.446329015390305,6.815154364751418,72.30137764305309
1902141889.775251,1.902141889775251,PCI,shot_noise_only,10.483099067708961,47.56794386044394,6.896951780347891,72.30142877859863
1924973369.9948795,1.9249733699948794,PCI,shot_noise_only,10.358777141799287,48.71664586964779,6.979731074307074,72.3014787084383
1948078897.3252,1.9480788973252001,PCI,shot_noise_only,10.235929241250755,49.89308920201634,7.063504031429185,72.30152746099859
1971461761.1639287,1.9714617611639287,PCI,shot_noise_only,10.114537901284754,51.09794381460098,7.148282577976404,72.30157506403582
1995125290.391544,1.9951252903915442,PCI,shot_noise_only,9.99458586362851,52.331895844014745,7.2340787833707445,72.30162154465218
2019072853.845203,2.019072853845203,PCI,shot_noise_only,9.876056074088197,53.595647997171156,7.3209048619123,72.30166692931078
2043307860.7983396,2.0433078607983397,PCI,shot_noise_only,9.758931680150077,54.88991995145959,7.4087731745181395,72.30171124385113
2067833761.4460251,2.067833761446025,PCI,shot_noise_only,9.643196028609307,56.21544876458461,7.497696230482041,72.30175451350338
2092654047.3961515,2.0926540473961515,PCI,shot_noise_only,9.52883266322618,57.572989294303184,7.587686689255374,72.30179676290312
2117772252.1665099,2.11777225216651,PCI,shot_noise_only,9.4158253224094,58.963314628298576,7.678757362249349,72.30183801610504
2143191951.6878376,2.1431919516878377,PCI,shot_noise_only,9.304157936926208,60.38721652443579,7.770921214658903,72.30187829659688
2168916764.812904,2.168916764812904,PCI,shot_noise_only,9.19381462763893,61.845505861649265,7.864191367308483,72.30191762731253
2194950353.831701,2.194950353831701,PCI,shot_noise_only,9.08477970326786,63.33901310171932,7.958581098519969,72.30195603064543
2221296424.9928255,2.2212964249928255,PCI,shot_noise_only,8.977037658179915,64.86858876220099,8.054103846003041,72.301993528461
2247958729.0311155,2.2479587290311156,PCI,shot_noise_only,8.87057317020303,66.43510390077388,8.150773208768227,72.3020301421091
2274941061.701619,2.274941061701619,PCI,shot_noise_only,8.765371098465884,68.03945061128928,8.248602949062906,72.30206589243646
2302247264.319973,2.302247264319973,PCI,shot_noise_only,8.661416481262664,69.68254253179649,8.34760699433056,72.30210079979821
2329881224.30927,2.32988122430927,PCI,shot_noise_only,8.558694533942663,71.36531536483882,8.447799439193547,72.30213488406972
2357846875.753488,2.3578468757534883,PCI,shot_noise_only,8.457190646824351,73.0887274103142,8.549194547459674,72.3021681646577
2386148199.9575624,2.3861481999575624,PCI,shot_noise_only,8.356890383133742,74.85376011120456,8.651806754152831,72.30220066051135
2414789226.014178,2.414789226014178,PCI,shot_noise_only,8.257779476966709,76.6614186124847,8.755650667568041,72.30223239013323
2443774031.3773723,2.443774031377372,PCI,shot_noise_only,8.159843831274987,78.51273233352919,8.860741071351153,72.30226337158963
2473106742.443016,2.473106742443016,PCI,shot_noise_only,8.063069515875661,80.40875555434235,8.96709292660349,72.30229362252086
2502791535.1362624,2.5027915351362626,PCI,shot_noise_only,7.967442765483798,82.35056801594646,9.074721374011792,72.30232316015145
2532832635.506051,2.532832635506051,PCI,shot_noise_only,7.872949977768033,84.33927553526877,9.183641736003684,72.30235200129978
2563234320.326744,2.5632343203267443,PCI,shot_noise_only,7.779577711428772,86.3760106348787,9.29386951892906,72.30238016238776
2594000917.7069893,2.5940009177069894,PCI,shot_noise_only,7.687312684298836,88.46193318793318,9.405420415267633,72.3024076594501
2625136807.705881,2.625136807705881,PCI,shot_noise_only,7.59614177146628,90.59823107869681,9.518310305862949,72.30243450814352
2656646422.956527,2.6566464229565274,PCI,shot_noise_only,7.50605200341905,92.78612087901486,9.632555262183283,72.30246072375554
2688534249.297098,2.6885342492970983,PCI,shot_noise_only,7.417030564211375,95.02684854112225,9.748171548609628,72.30248632121334
2720804826.409447,2.7208048264094473,PCI,shot_noise_only,7.329064789651516,97.32169010718445,9.86517562475116,72.30251131509213
2753462748.4653974,2.7534627484653975,PCI,shot_noise_only,7.242142165510728,99.67195243597354,9.983584147788486,72.30253571962348
2786512664.7807884,2.7865126647807883,PCI,shot_noise_only,7.156250325753117,102.07897394709398,10.103413974845036,72.30255954870339
2819959280.4773717,2.819959280477372,PCI,shot_noise_only,7.071377050786231,104.5441253831814,10.224682165386922,72.30258281590035
2853807357.1526537,2.853807357152654,PCI,shot_noise_only,6.987510265732066,107.0688105905086,10.347405983651583,72.30260553446284
2888061713.55777,2.8880617135577697,PCI,shot_noise_only,6.904638038718346,109.654467318443,10.471602901105589,72.30262771732704
2922727226.2835064,2.9227272262835062,PCI,shot_noise_only,6.822748579189768,112.30256803821159,10.597290598931956,72.30264937712408
2957808830.454552,2.9578088304545522,PCI,shot_noise_only,6.7418302362390286,115.01462078143896,10.724486970547307,72.30267052618734
2993311520.432084,2.993311520432084,PCI,shot_noise_only,6.661871496957382,117.7921699989365,10.853210124149284,72.30269117655939
3029240350.524779,3.0292403505247787,PCI,shot_noise_only,6.582860984804552,120.63679744023021,10.983478385294442,72.30271133999888
3065600435.7083707,3.0656004357083706,PCI,shot_noise_only,6.504787457997702,123.55012305433101,11.115310299507208,72.30273102798716
3102396952.35384,3.10239695235384,PCI,shot_noise_only,6.427639807919324,126.53380591225775,11.248724634920073,72.30275025173503
3139635138.964342,3.139635138964342,PCI,shot_noise_only,6.351407057543756,129.58954515183936,11.38374038494551,72.30276902218878
3177320296.920979,3.177320296920979,PCI,shot_noise_only,6.276078359882196,132.71908094533413,11.520376770979937,72.30278735003671
3215457791.2375293,3.215457791237529,PCI,shot_noise_only,6.201642996445929,135.92419549041747,11.658653245140172,72.30280524571515
3254053051.324232,3.2540530513242323,PCI,shot_noise_only,6.128090375727579,139.20671402510183,11.79858949303271,72.30282271941428
3293111571.760744,3.293111571760744,PCI,shot_noise_only,6.055410031700209,142.56850586716735,11.940205436556246,72.30283978108406
3332638913.078363,3.332638913078363,PCI,shot_noise_only,5.983591622334025,146.01148547869465,12.083521236737852,72.30285644043988
3372640702.551651,3.372640702551651,PCI,shot_noise_only,5.9126249281305165,149.53761355630579,12.228557296603135,72.30287270696802
3413122634.9995613,3.4131226349995614,PCI,shot_noise_only,5.842499850673772,153.14889814773647,12.37533426408097,72.30288858993109
3454090473.59617,3.4540904735961697,PCI,shot_noise_only,5.773206411198863,156.8473957953716,12.523873034942968,72.3029040983733
3495550050.6911454,3.495550050691145,PCI,shot_noise_only,5.7047347491770255,160.63521270739813,12.674194755778299,72.30291924112568
3537507268.6400676,3.5375072686400677,PCI,shot_noise_only,5.637075120917467,164.51450595724188,12.826320827004206,72.30293402681097
3579968100.644714,3.579968100644714,PCI,shot_noise_only,5.570217898185618,168.48748471197064,12.980272905912674,72.30294846384862
3622938591.6034245,3.6229385916034245,PCI,shot_noise_only,5.504153566837628,172.55641149036325,13.136072909753631,72.30296256045959
3666424858.971679,3.6664248589716792,PCI,shot_noise_only,5.438872725470927,176.72360345136062,13.293743018855173,72.30297632467094
3710433093.6330047,3.7104330936330046,PCI,shot_noise_only,5.374366084090648,180.99143371363488,13.453305679781266,72.30298976432053
3754969560.7803345,3.7549695607803346,PCI,shot_noise_only,5.310624462791757,185.36233270702397,13.614783608527311,72.30300288706137
3800040600.80795,3.80004060080795,PCI,shot_noise_only,5.2476387904566595,189.83878955660626,13.778199793754126,72.3030157003661
3845652630.2141185,3.8456526302141185,PCI,shot_noise_only,5.18540010346818,194.42335350019744,13.943577500060645,72.30302821153106
3891812142.5145755,3.8918121425145755,PCI,shot_noise_only,5.123899544437659,199.11863534008327,14.110940271296002,72.3030404276806
3938525709.166972,3.938525709166972,PCI,shot_noise_only,5.063128360948035,203.92730892981032,14.28031193391133,72.30305235577113
3985799980.5064096,3.9857999805064095,PCI,shot_noise_only,5.003077904311724,208.8521126968833,14.451716600351784,72.30306400259497
4033641686.6922092,4.033641686692209,PCI,shot_noise_only,4.943739628343147,213.89585120223538,14.625178672489282,72.30307537478429
4082057638.666046,4.082057638666046,PCI,shot_noise_only,4.885105088145694,219.06139673736038,14.800722845096464,72.30308647881495
4131054729.1215844,4.131054729121584,PCI,shot_noise_only,4.82716593891299,224.351690960016,14.978374109362337,72.30309732101006
4180639933.4857483,4.1806399334857485,PCI,shot_noise_only,4.769913934744281,229.76974656942946,15.158157756450137,72.30310790754362
4230820310.9117713,4.2308203109117715,PCI,shot_noise_only,4.713340927473804,235.31864902195878,15.340099381097854,72.3031182444441
4281603005.284165,4.281603005284165,PCI,shot_noise_only,4.657438865513923,241.0015582881889,15.524224885262031,72.3031283375978
4332995246.235758,4.3329952462357575,PCI,shot_noise_only,4.602199792711917,246.82171065246132,15.710560481805267,72.30313819275224
4385004350.1769285,4.385004350176929,PCI,shot_noise_only,4.547615847220265,252.7824205558618,15.89913269822797,72.30314781551941
4437637721.337206,4.437637721337206,PCI,shot_noise_only,4.493679260380218,258.8870824837184,16.089968380444954,72.30315721137897
4490902852.819358,4.4909028528193575,PCI,shot_noise_only,4.440382355618575,265.13917289868044,16.28309469660729,72.30316638568141
4544807327.666148,4.544807327666148,PCI,shot_noise_only,4.38771754735744,271.5422522204842,16.478539140970117,72.30317534365098
4599358819.93989,4.59935881993989,PCI,shot_noise_only,4.335677339936864,278.09996685352854,16.67632953780683,72.30318409038887
4654565095.814946,4.654565095814946,PCI,shot_noise_only,4.284254326550188,284.81605126341645,16.87649404537022,72.30319263087584
4710434014.683363,4.710434014683363,PCI,shot_noise_only,4.233441188191954,291.6943301036468,17.079061159901233,72.30320096997532
4766973530.273767,4.766973530273767,PCI,shot_noise_only,4.183230692618221,298.738720393666,17.284059719685825,72.30320911243602
4824191691.783685,4.8241916917836845,PCI,shot_noise_only,4.133615693319169,305.95323374951795,17.49151890916046,72.30321706289467
4882096645.025459,4.8820966450254595,PCI,shot_noise_only,4.084589128503822,313.3419786683665,17.70146826306695,72.3032248258787
4940696633.585925,4.940696633585925,PCI,shot_noise_only,4.036144020096755,320.9091628681888,17.913937670657134,72.30323240580877
5000000000.0,5.0,PCI,shot_noise_only,3.988273472746645,328.6590956839729,18.12895737994805,72.30323980700133
750000000.0,0.75,DGI,shot_plus_read_noise,11.659804465738478,7.3976977761399425,2.719870911668409,31.713163002103503
759002278.0407537,0.7590022780407537,DGI,shot_plus_read_noise,11.493496632125703,7.576282409990669,2.7525047520377997,31.635904097456443
768112610.7614048,0.7681126107614048,DGI,shot_plus_read_noise,11.328960658010951,7.7591798891225965,2.785530450223547,31.557164882274094
777332295.1463159,0.777332295146316,DGI,shot_plus_read_noise,11.16618227308285,7.946494369386205,2.818952707901678,31.476939755630614
786662643.7476017,0.7866626437476018,DGI,shot_plus_read_noise,11.005147391736887,8.138332522011131,2.852776283203983,31.395223472311166
796104984.8719888,0.7961049848719888,DGI,shot_plus_read_noise,10.845842113284347,8.33480359435297,2.8870059913954056,31.312011162780514
805660662.769919,0.805660662769919,DGI,shot_plus_read_noise,10.688252721887846,8.536019472107082,2.921646705559569,31.22729835309172
815331037.8269225,0.8153310378269225,DGI,shot_plus_read_noise,10.532365686227402,8.742094743024886,2.9567033572925245,31.141080984701144
825117486.7572882,0.8251174867572882,DGI,shot_plus_read_noise,10.378167658900699,8.953146762168942,2.9921809374048456,31.053355434154145
835021402.8000575,0.8350214028000575,DGI,shot_plus_read_noise,10.225645475561857,9.169295718743882,3.028084496632134,30.964118532605383
845044195.9173726,0.8450441959173726,DGI,shot_plus_read_noise,10.074786153802696,9.390664704541392,3.0644191463540675,30.87336758513584
855187292.9952037,0.8551872929952037,DGI,shot_plus_read_noise,9.92557689178105,9.6173797840381,3.1011900593220822,30.781100389828364
865452138.0464869,0.8654521380464868,DGI,shot_plus_read_noise,9.778005066600588,9.84957006618636,3.138402470395784,30.687315256561778
875840192.416699,0.8758401924166991,DGI,shot_plus_read_noise,9.632058232447099,10.087367777938791,3.176061677288209,30.592011025483632
886352934.9919021,0.8863529349919022,DGI,shot_plus_read_noise,9.487724118486247,10.330908339548456,3.2141730413200307,30.495187085120346
896991862.4092824,0.8969918624092824,DGI,shot_plus_read_noise,9.344990626528178,10.580330441687527,3.2527419881828203,30.396843390083085
907758489.2702181,0.9077584892702182,DGI,shot_plus_read_noise,9.203845828464555,10.835776124428373,3.2917740087114686,30.296980478327097
918654348.3559048,0.9186543483559049,DGI,shot_plus_read_noise,9.064277963483983,11.09739085813211,3.3312746596658926,30.195599487922156
929680990.8455678,0.9296809908455679,DGI,shot_plus_read_noise,8.926275435072089,11.365323626290548,3.3712495645221146,30.09270217329123
940839986.5372949,0.9408399865372948,DGI,shot_plus_read_noise,8.789826807802735,11.639727010368825,3.411704414272846,29.988290920874388
952132924.0715184,0.9521329240715184,DGI,shot_plus_read_noise,8.654920803927341,11.920757276696998,3.452644968237684,29.882368764175386
963561411.1571819,0.9635614111571819,DGI,shot_plus_read_noise,8.521546299769515,12.20857446546007,3.49407705488303,29.77493939814805
975127074.8006191,0.9751270748006191,DGI,shot_plus_read_noise,8.389692321932571,12.503342481837151,3.5360065726518597,29.666007192880414
986831561.5371817,0.9868315615371818,DGI,shot_plus_read_noise,8.25934804332791,12.805229189341635,3.578439490803447,29.55557720653477
998676537.6656469,0.9986765376656469,DGI,shot_plus_read_noise,8.13050277903254,13.114406505415543,3.621381850263176,29.443655197502753
1010663689.4854381,1.0106636894854382,DGI,shot_plus_read_noise,8.003145981984368,13.431050499332528,3.664839764482552,29.330247635735073
1022794723.5366939,1.0227947235366939,DGI,shot_plus_read_noise,7.877267238524334,13.755341492465181,3.7088194203095384,29.21536171320714
1035071366.8432181,1.035071366843218,DGI,shot_plus_read_noise,7.75285626379464,14.087464160973884,3.753327078869344,29.099005353482234
1047495367.1583456,1.0474953671583456,DGI,shot_plus_read_noise,7.629902897002873,14.427607640975586,3.7983690764557867,28.981187220336135
1060068493.2137599,1.0600684932137598,DGI,shot_plus_read_noise,7.5083970965619855,14.775965636252339,3.843951825433344,28.861916725407866
1072792534.9712973,1.0727925349712972,DGI,shot_plus_read_noise,7.388328935116466,15.132736528561189,3.8900818151500602,28.741204034843573
1085669303.8777728,1.0856693038777727,DGI,shot_plus_read_noise,7.269688594465416,15.498123490607899,3.9367656128613877,28.619060074902084
1098700633.122865,1.098700633122865,DGI,shot_plus_read_noise,7.152466360393404,15.872334601749051,3.984009864665128,28.49549653649281
1111888377.9000971,1.1118883779000972,DGI,shot_plus_read_noise,7.036652617420292,16.25558296648848,4.0318212964476094,28.370525878618945
1125234415.6709497,1.1252344156709497,DGI,shot_plus_read_noise,6.922237843481571,16.6480868358352,4.080206714841198,28.24416133070136
1138740646.4321427,1.1387406464321428,DGI,shot_plus_read_noise,6.809212604550754,17.050069731592338,4.1291730081933276,28.11641689376076
1152408992.9861293,1.1524089929861292,DGI,shot_plus_read_noise,6.69756754921576,17.461760573647613,4.178727147547159,27.98730734043879
1166241401.2148306,1.1662414012148306,DGI,shot_plus_read_noise,6.587293403221364,17.88339381033778,4.228876187633989,27.856848213841285
1180239840.3566628,1.1802398403566627,DGI,shot_plus_read_noise,6.4783809639897365,18.31520955196161,4.279627267877614,27.725055825189738
1194406303.2868834,1.1944063032868832,DGI,shot_plus_read_noise,6.370821095131482,18.757453707517012,4.330987613410712,27.591947250270113
1208742806.8013065,1.2087428068013064,DGI,shot_plus_read_noise,6.264604720959471,19.21037812474053,4.38296453610345,27.457540324671612
1223251391.9034216,1.2232513919034216,DGI,shot_plus_read_noise,6.1597228210178185,19.674240733528713,4.435565435604429,27.321853637810445
1237934124.0949595,1.2379341240949595,DGI,shot_plus_read_noise,6.0561664246384135,20.149305692823223,4.488797800394135,27.184906525737723
1252793093.669946,1.2527930936699458,DGI,shot_plus_read_noise,5.9539266055373075,20.63584354104319,4.5426692088510245,27.046719062733228
1267830416.0122828,1.2678304160122829,DGI,shot_plus_read_noise,5.852994476463292,21.134131350150483,4.5971873303304145,26.90731205169094
1283048231.8969057,1.2830482318969056,DGI,shot_plus_read_noise,5.753361183910688,21.644452883435807,4.65235992625633,26.76670701330476
1298448707.7945502,1.2984487077945501,DGI,shot_plus_read_noise,5.655017902908464,22.167098757115195,4.708194851226444,26.624926174066992
1314034036.180182,1.3140340361801819,DGI,shot_plus_read_noise,5.557955831897369,22.70236660582928,4.7647000541303,26.481992453095213
1329806435.8451257,1.3298064358451256,DGI,shot_plus_read_noise,5.46216618770672,23.250561252139153,4.8218835792809385,26.337929447806598
1345768152.212941,1.345768152212941,DGI,shot_plus_read_noise,5.367640200642047,23.811994880115822,4.8797535675601305,26.1927614184622
1361921457.6590905,1.3619214576590906,DGI,shot_plus_read_noise,5.274369109694632,24.386987213121703,4.9383182575773406,26.046513271606944
1378268651.834445,1.378268651834445,DGI,shot_plus_read_noise,5.18234415788352,24.97586569588562,4.997585986842609,25.899210542434343
1394812061.9926693,1.3948120619926694,DGI,shot_plus_read_noise,5.091556587740232,25.57896568097496,5.057565192953518,25.750879376108184
1411554043.3215425,1.4115540433215426,DGI,shot_plus_read_noise,5.001997636945986,26.19663061977115,5.118264414796402,25.601546508076332
1428496979.27825,1.42849697927825,DGI,shot_plus_read_noise,4.913658534130781,26.829212258057165,5.179692293761972,25.451239243414957
1445643281.9287028,1.4456432819287028,DGI,shot_plus_read_noise,4.826530494843181,27.477070836328647,5.241857574975559,25.29998543524426
1462995392.2909293,1.4629953922909293,DGI,shot_plus_read_noise,4.740604717699123,28.140575294942355,5.304769108542082,25.147813462259165
1480555780.6825886,1.4805557806825886,DGI,shot_plus_read_noise,4.655872380717563,28.82010348421915,5.368435850806001,24.994752205421648
1498326947.072655,1.498326947072655,DGI,shot_plus_read_noise,4.572324637850104,29.51604237962098,5.432866865626377,24.840831023862957
1516311421.4373238,1.516311421437324,DGI,shot_plus_read_noise,4.489952615711269,30.228788302124336,5.498071325667241,24.686079730046753
1534511764.1201894,1.5345117641201895,DGI,shot_plus_read_noise,4.408747410515356,30.958747143915794,5.564058513703445,24.530528564245984
1552930566.196746,1.552930566196746,DGI,shot_plus_read_noise,4.32870008522522,31.706334599538206,5.6308378239422066,24.374208168388023
1571570449.8432636,1.5715704498432637,DGI,shot_plus_read_noise,4.24980166691768,32.47197640261901,5.6984187633605,24.21714955932444
1590434068.710092,1.5904340687100922,DGI,shot_plus_read_noise,4.172043144369539,33.256108568315625,5.7668109530585125,24.059384101582936
1609524108.299446,1.609524108299446,DGI,shot_plus_read_noise,4.095415465867589,34.05917764161594,5.836024129629344,23.900943479660448
1628843286.3477232,1.6288432863477231,DGI,shot_plus_read_noise,4.019909537245202,34.8816409516352,5.906068146545144,23.74185966991692
1648394353.2124126,1.6483943532124126,DGI,shot_plus_read_noise,3.9455162201474994,35.723966872054326,5.9769529755598985,23.58216491213044
1668180092.2636478,1.6681800922636478,DGI,shot_plus_read_noise,3.8722263305263684,36.586635087847846,6.048688708129047,23.42189168077482
1688203320.2804577,1.6882033202804578,DGI,shot_plus_read_noise,3.8000306373659063,37.470136868453245,6.121285556846147,23.26107265608078
1708466887.8517754,1.7084668878517755,DGI,shot_plus_read_noise,3.728919861638179,38.37497534753746,6.194753856896774,23.099740694942096
1728973679.7822592,1.7289736797822592,DGI,shot_plus_read_noise,3.65888467548857,39.30166580951981,6.26910406752989,22.937928801728173
1749726615.5029857,1.7497266155029858,DGI,shot_plus_read_noise,3.5899157016492405,40.25073598301441,6.344346773546857,22.775670099063557
1770728649.4870722,1.7707286494870722,DGI,shot_plus_read_noise,3.522003513078652,41.222726341359376,6.42049268680834,22.612997798634765
1791982771.6702867,1.7919827716702867,DGI,shot_plus_read_noise,3.455138632824459,42.218190410403714,6.497552647759287,22.449945172083964
1813492007.8767087,1.8134920078767087,DGI,shot_plus_read_noise,3.3893115341064206,43.23769508372749,6.575537626972222,22.286545522047714
1835259420.2494962,1.8352594202494963,DGI,shot_plus_read_noise,3.32451264061548,44.28182094547437,6.654458726709061,22.122832153398267
1857288107.6868274,1.8572881076868275,DGI,shot_plus_read_noise,3.2607323270244906,45.351162600980906,6.734327182501672,21.958838344742958
1879581206.2830703,1.8795812062830703,DGI,shot_plus_read_noise,3.197960919705639,46.446329015390305,6.815154364751418,21.794597320236345
1902141889.775251,1.902141889775251,DGI,shot_plus_read_noise,3.1361886976490143,47.56794386044394,6.896951780347891,21.630142221757303
1924973369.9948795,1.9249733699948794,DGI,shot_plus_read_noise,3.0754058935763777,48.71664586964779,6.979731074307074,21.46550608150216
1948078897.3252,1.9480788973252001,DGI,shot_plus_read_noise,3.0156026952436363,49.89308920201634,7.063504031429185,21.30072179504214
1971461761.1639287,1.9714617611639287,DGI,shot_plus_read_noise,2.956769246925219,51.09794381460098,7.148282577976404,21.135822094891953
1995125290.391544,1.9951252903915442,DGI,shot_plus_read_noise,2.898895651073112,52.331895844014745,7.2340787833707445,20.97083952463372
2019072853.845203,2.019072853845203,DGI,shot_plus_read_noise,2.841971970142948,53.595647997171156,7.3209048619123,20.805806413637985
2043307860.7983396,2.0433078607983397,DGI,shot_plus_read_noise,2.7859882285792854,54.88991995145959,7.4087731745181395,20.64075485242152
2067833761.4460251,2.067833761446025,DGI,shot_plus_read_noise,2.7309344149518915,56.21544876458461,7.497696230482041,20.475716668678473
2092654047.3961515,2.0926540473961515,DGI,shot_plus_read_noise,2.676800484234643,57.572989294303184,7.587686689255374,20.31072340401954
2117772252.1665099,2.11777225216651,DGI,shot_plus_read_noise,2.6235763602184026,58.963314628298576,7.678757362249349,20.14580629145041
2143191951.6878376,2.1431919516878377,DGI,shot_plus_read_noise,2.571251938049123,60.38721652443579,7.770921214658903,19.980996233618747
2168916764.812904,2.168916764812904,DGI,shot_plus_read_noise,2.519817086882233,61.845505861649265,7.864191367308483,19.81632378185567
2194950353.831701,2.194950353831701,DGI,shot_plus_read_noise,2.469261652644345,63.33901310171932,7.958581098519969,19.651819116035465
2221296424.9928255,2.2212964249928255,DGI,shot_plus_read_noise,2.4195754608931463,64.86858876220099,8.054103846003041,19.48751202527407
2247958729.0311155,2.2479587290311156,DGI,shot_plus_read_noise,2.370748319766421,66.43510390077388,8.150773208768227,19.323431889484436
2274941061.701619,2.274941061701619,DGI,shot_plus_read_noise,2.3227700230110897,68.03945061128928,8.248602949062906,19.15960766180419
2302247264.319973,2.302247264319973,DGI,shot_plus_read_noise,2.2756303530831863,69.68254253179649,8.34760699433056,18.996067851908126
2329881224.30927,2.32988122430927,DGI,shot_plus_read_noise,2.229319084309779,71.36531536483882,8.447799439193547,18.832840510215622
2357846875.753488,2.3578468757534883,DGI,shot_plus_read_noise,2.183825986103924,73.0887274103142,8.549194547459674,18.66995321300041
2386148199.9575624,2.3861481999575624,DGI,shot_plus_read_noise,2.139140826223864,74.85376011120456,8.651806754152831,18.507433048407695
2414789226.014178,2.414789226014178,DGI,shot_plus_read_noise,2.09525337406783,76.6614186124847,8.755650667568041,18.345306603381186
2443774031.3773723,2.443774031377372,DGI,shot_plus_read_noise,2.052153403995944,78.51273233352919,8.860741071351153,18.183599951499936
2473106742.443016,2.473106742443016,DGI,shot_plus_read_noise,2.0098306986709895,80.40875555434235,8.96709292660349,18.02233864172318
2502791535.1362624,2.5027915351362626,DGI,shot_plus_read_noise,1.9682750524099353,82.35056801594646,9.074721374011792,17.86154768803862
2532832635.506051,2.532832635506051,DGI,shot_plus_read_noise,1.927476274538404,84.33927553526877,9.183641736003684,17.701251560007783
2563234320.326744,2.5632343203267443,DGI,shot_plus_read_noise,1.8874241927404805,86.3760106348787,9.29386951892906,17.54147417420004
2594000917.7069893,2.5940009177069894,DGI,shot_plus_read_noise,1.8481086563965505,88.46193318793318,9.405420415267633,17.38223888650495
2625136807.705881,2.625136807705881,DGI,shot_plus_read_noise,1.80951953990214,90.59823107869681,9.518310305862949,17.22356848531092
2656646422.956527,2.6566464229565274,DGI,shot_plus_read_noise,1.7716467459609597,92.78612087901486,9.632555262183283,17.065485185536133
2688534249.297098,2.6885342492970983,DGI,shot_plus_read_noise,1.7344802088457596,95.02684854112225,9.748171548609628,16.90801062349672
2720804826.409447,2.7208048264094473,DGI,shot_plus_read_noise,1.6980098976208273,97.32169010718445,9.86517562475116,16.7511658525952
2753462748.4653974,2.7534627484653975,DGI,shot_plus_read_noise,1.662225819320304,99.67195243597354,9.983584147788486,16.594971339810915
2786512664.7807884,2.7865126647807883,DGI,shot_plus_read_noise,1.6271180220768462,102.07897394709398,10.103413974845036,16.439446962973424
2819959280.4773717,2.819959280477372,DGI,shot_plus_read_noise,1.592676598195435,104.5441253831814,10.224682165386922,16.284612008797975
2853807357.1526537,2.853807357152654,DGI,shot_plus_read_noise,1.5588916871675131,107.0688105905086,10.347405983651583,16.13048517166184
2888061713.55777,2.8880617135577697,DGI,shot_plus_read_noise,1.5257534786209368,109.654467318443,10.471602901105589,15.977084553098946
2922727226.2835064,2.9227272262835062,DGI,shot_plus_read_noise,1.4932522152015533,112.30256803821159,10.597290598931956,15.824427661989738
2957808830.454552,2.9578088304545522,DGI,shot_plus_read_noise,1.461378195382563,115.01462078143896,10.724486970547307,15.672531415422235
2993311520.432084,2.993311520432084,DGI,shot_plus_read_noise,1.430121776198142,117.7921699989365,10.853210124149284,15.521412140200031
3029240350.524779,3.0292403505247787,DGI,shot_plus_read_noise,1.3994733758981297,120.63679744023021,10.983478385294442,15.37108557497215
3065600435.7083707,3.0656004357083706,DGI,shot_plus_read_noise,1.3694234765208806,123.55012305433101,11.115310299507208,15.22156687295951
3102396952.35384,3.10239695235384,DGI,shot_plus_read_noise,1.3399626263817275,126.53380591225775,11.248724634920073,15.072870605252339
3139635138.964342,3.139635138964342,DGI,shot_plus_read_noise,1.3110814424747792,129.58954515183936,11.38374038494551,14.925010764652757
3177320296.920979,3.177320296920979,DGI,shot_plus_read_noise,1.2827706127860972,132.71908094533413,11.520376770979937,14.778000770036652
3215457791.2375293,3.215457791237529,DGI,shot_plus_read_noise,1.2550208985165503,135.92419549041747,11.658653245140172,14.631853471208714
3254053051.324232,3.2540530513242323,DGI,shot_plus_read_noise,1.227823136212972,139.20671402510183,11.79858949303271,14.48658115422484
3293111571.760744,3.293111571760744,DGI,shot_plus_read_noise,1.201168239806481,142.56850586716735,11.940205436556246,14.34219554715604
3332638913.078363,3.332638913078363,DGI,shot_plus_read_noise,1.175047202557104,146.01148547869465,12.083521236737852,14.19870782626817
3372640702.551651,3.372640702551651,DGI,shot_plus_read_noise,1.1494510989040938,149.53761355630579,12.228557296603135,14.056128622592148
3413122634.9995613,3.4131226349995614,DGI,shot_plus_read_noise,1.1243710862215455,153.14889814773647,12.37533426408097,13.91446802885943
3454090473.59617,3.4540904735961697,DGI,shot_plus_read_noise,1.0997984064792057,156.8473957953716,12.523873034942968,13.77373560677817
3495550050.6911454,3.495550050691145,DGI,shot_plus_read_noise,1.0757243878085216,160.63521270739813,12.674194755778299,13.633940394625586
3537507268.6400676,3.5375072686400677,DGI,shot_plus_read_noise,1.0521404459742187,164.51450595724188,12.826320827004206,13.495090915132616
3579968100.644714,3.579968100644714,DGI,shot_plus_read_noise,1.0290380857518993,168.48748471197064,12.980272905912674,13.357195183637621
3622938591.6034245,3.6229385916034245,DGI,shot_plus_read_noise,1.0064089022123124,172.55641149036325,13.136072909753631,13.220260716486047
3666424858.971679,3.6664248589716792,DGI,shot_plus_read_noise,0.9842445819131495,176.72360345136062,13.293743018855173,13.084294539653959
3710433093.6330047,3.7104330936330046,DGI,shot_plus_read_noise,0.9625369039993463,180.99143371363488,13.453305679781266,12.949303197573482
3754969560.7803345,3.7549695607803346,DGI,shot_plus_read_noise,0.9412777412130686,185.36233270702397,13.614783608527311,12.815292762139299
3800040600.80795,3.80004060080795,DGI,shot_plus_read_noise,0.9204590608146492,189.83878955660626,13.778199793754126,12.682268841875517
3845652630.2141185,3.8456526302141185,DGI,shot_plus_read_noise,0.900072925415926,194.42335350019744,13.943577500060645,12.550236591243268
3891812142.5145755,3.8918121425145755,DGI,shot_plus_read_noise,0.8801114937274997,199.11863534008327,14.110940271296002,12.419200720069854
3938525709.166972,3.938525709166972,DGI,shot_plus_read_noise,0.860567021221572,203.92730892981032,14.28031193391133,12.28916550308094
3985799980.5064096,3.9857999805064095,DGI,shot_plus_read_noise,0.8414318607121122,208.8521126968833,14.451716600351784,12.160134789518121
4033641686.6922092,4.033641686692209,DGI,shot_plus_read_noise,0.8226984628541931,213.89585120223538,14.625178672489282,12.03211201282486
4082057638.666046,4.082057638666046,DGI,shot_plus_read_noise,0.8043593765644015,219.06139673736038,14.800722845096464,11.905100200384286
4131054729.1215844,4.131054729121584,DGI,shot_plus_read_noise,0.7864072493643219,224.351690960016,14.978374109362337,11.77910198329341
4180639933.4857483,4.1806399334857485,DGI,shot_plus_read_noise,0.7688348276491356,229.76974656942946,15.158157756450137,11.65411960615875
4230820310.9117713,4.2308203109117715,DGI,shot_plus_read_noise,0.7516349568834348,235.31864902195878,15.340099381097854,11.530154936899091
4281603005.284165,4.281603005284165,DGI,shot_plus_read_noise,0.734800581726402,241.0015582881889,15.524224885262031,11.407209476542025
4332995246.235758,4.3329952462357575,DGI,shot_plus_read_noise,0.7183247460885246,246.82171065246132,15.710560481805267,11.285284369001177
4385004350.1769285,4.385004350176929,DGI,shot_plus_read_noise,0.7022005931220766,252.7824205558618,15.89913269822797,11.164380410822282
4437637721.337206,4.437637721337206,DGI,shot_plus_read_noise,0.6864213651475741,258.8870824837184,16.089968380444954,11.044498060886328
4490902852.819358,4.4909028528193575,DGI,shot_plus_read_noise,0.67098040351848,265.13917289868044,16.28309469660729,10.925637450059181
4544807327.666148,4.544807327666148,DGI,shot_plus_read_noise,0.6558711484263963,271.5422522204842,16.478539140970117,10.807798390777393
4599358819.93989,4.59935881993989,DGI,shot_plus_read_noise,0.6410871386490198,278.09996685352854,16.67632953780683,10.69098038656071
4654565095.814946,4.654565095814946,DGI,shot_plus_read_noise,0.6266220112431141,284.81605126341645,16.87649404537022,10.575182641442325
4710434014.683363,4.710434014683363,DGI,shot_plus_read_noise,0.6124695011847543,291.6943301036468,17.079061159901233,10.46040406930862
4766973530.273767,4.766973530273767,DGI,shot_plus_read_noise,0.5986234409590823,298.738720393666,17.284059719685825,10.346643303140599
4824191691.783685,4.8241916917836845,DGI,shot_plus_read_noise,0.5850777601018035,305.95323374951795,17.49151890916046,10.233898704149944
4882096645.025459,4.8820966450254595,DGI,shot_plus_read_noise,0.5718264846946214,313.3419786683665,17.70146826306695,10.12216837080298
4940696633.585925,4.940696633585925,DGI,shot_plus_read_noise,0.5588637368167946,320.9091628681888,17.913937670657134,10.01145014772659
5000000000.0,5.0,DGI,shot_plus_read_noise,0.5461837339549647,328.6590956839729,18.12895737994805,9.90174163449044
750000000.0,0.75,DGI,shot_noise_only,13.198240844976624,7.3976977761399425,2.719870911668409,35.8975113594458
759002278.0407537,0.7590022780407537,DGI,shot_noise_only,13.043933804137703,7.576282409990669,2.7525047520377997,35.90348978115552
768112610.7614048,0.7681126107614048,DGI,shot_noise_only,12.891378741438949,7.7591798891225965,2.785530450223547,35.909328029642694
777332295.1463159,0.777332295146316,DGI,shot_noise_only,12.740557609337277,7.946494369386205,2.818952707901678,35.91502937301865
786662643.7476017,0.7866626437476018,DGI,shot_noise_only,12.591452479307968,8.138332522011131,2.852776283203983,35.92059700405976
796104984.8719888,0.7961049848719888,DGI,shot_noise_only,12.444045543715491,8.33480359435297,2.8870059913954056,35.92603404190392
805660662.769919,0.805660662769919,DGI,shot_noise_only,12.298319117550093,8.536019472107082,2.921646705559569,35.931343533710496
815331037.8269225,0.8153310378269225,DGI,shot_noise_only,12.154255640035602,8.742094743024886,2.9567033572925245,35.93652845628487
825117486.7572882,0.8251174867572882,DGI,shot_noise_only,12.0118376761134,8.953146762168942,2.9921809374048456,35.94159171766783
835021402.8000575,0.8350214028000575,DGI,shot_noise_only,11.871047917807793,9.169295718743882,3.028084496632134,35.946536158690954
845044195.9173726,0.8450441959173726,DGI,shot_noise_only,11.731869185477334,9.390664704541392,3.0644191463540675,35.95136455449804
855187292.9952037,0.8551872929952037,DGI,shot_noise_only,11.594284428956913,9.6173797840381,3.1011900593220822,35.95607961603398
865452138.0464869,0.8654521380464868,DGI,shot_noise_only,11.458276728594953,9.84957006618636,3.138402470395784,35.96068399150092
875840192.416699,0.8758401924166991,DGI,shot_noise_only,11.323829296190137,10.087367777938791,3.176061677288209,35.965180267783005
886352934.9919021,0.8863529349919022,DGI,shot_noise_only,11.190925475831765,10.330908339548456,3.2141730413200307,35.96957097183999
896991862.4092824,0.8969918624092824,DGI,shot_noise_only,11.059548744647772,10.580330441687527,3.2527419881828203,35.97385857207041
907758489.2702181,0.9077584892702182,DGI,shot_noise_only,10.929682713464306,10.835776124428373,3.2917740087114686,35.97804547964484
918654348.3559048,0.9186543483559049,DGI,shot_noise_only,10.801311127380538,11.09739085813211,3.3312746596658926,35.98213404981002
929680990.8455678,0.9296809908455679,DGI,shot_noise_only,10.674417866262441,11.365323626290548,3.3712495645221146,35.986126583164335
940839986.5372949,0.9408399865372948,DGI,shot_noise_only,10.548986945158854,11.639727010368825,3.411704414272846,35.990025326905084
952132924.0715184,0.9521329240715184,DGI,shot_noise_only,10.425002514643307,11.920757276696998,3.452644968237684,35.99383247604842
963561411.1571819,0.9635614111571819,DGI,shot_noise_only,10.3024488610848,12.20857446546007,3.49407705488303,35.997550174622205
975127074.8006191,0.9751270748006191,DGI,shot_noise_only,10.181310406850635,12.503342481837151,3.5360065726518597,36.001180516832626
986831561.5371817,0.9868315615371818,DGI,shot_noise_only,10.061571710444317,12.805229189341635,3.578439490803447,36.00472554820473
998676537.6656469,0.9986765376656469,DGI,shot_noise_only,9.943217466581475,13.114406505415543,3.621381850263176,36.008187266697945
1010663689.4854381,1.0106636894854382,DGI,shot_noise_only,9.82623250620647,13.431050499332528,3.664839764482552,36.011567623796516
1022794723.5366939,1.0227947235366939,DGI,shot_noise_only,9.710601796452547,13.755341492465181,3.7088194203095384,36.0148685255759
1035071366.8432181,1.035071366843218,DGI,shot_noise_only,9.596310440547937,14.087464160973884,3.753327078869344,36.018091833745174
1047495367.1583456,1.0474953671583456,DGI,shot_noise_only,9.48334367767058,14.427607640975586,3.7983690764557867,36.02123936666643
1060068493.2137599,1.0600684932137598,DGI,shot_noise_only,9.37168688275377,14.775965636252339,3.843951825433344,36.02431290035108
1072792534.9712973,1.0727925349712972,DGI,shot_noise_only,9.261325566245022,15.132736528561189,3.8900818151500602,36.02731416943409
1085669303.8777728,1.0856693038777727,DGI,shot_noise_only,9.152245373820518,15.498123490607899,3.9367656128613877,36.03024486812633
1098700633.122865,1.098700633122865,DGI,shot_noise_only,9.044432086057146,15.872334601749051,3.984009864665128,36.03310665114547
1111888377.9000971,1.1118883779000972,DGI,shot_noise_only,8.93787161806422,16.25558296648848,4.0318212964476094,36.03590113462597
1125234415.6709497,1.1252344156709497,DGI,shot_noise_only,8.832550019077006,16.6480868358352,4.080206714841198,36.038629897008754
1138740646.4321427,1.1387406464321428,DGI,shot_noise_only,8.728453472013767,17.050069731592338,4.1291730081933276,36.04129447991058
1152408992.9861293,1.1524089929861292,DGI,shot_noise_only,8.625568292998313,17.461760573647613,4.178727147547159,36.043896388974055
1166241401.2148306,1.1662414012148306,DGI,shot_noise_only,8.523880930849842,17.88339381033778,4.228876187633989,36.046437094698334
1180239840.3566628,1.1802398403566627,DGI,shot_noise_only,8.423377966541638,18.31520955196161,4.279627267877614,36.048918033251084
1194406303.2868834,1.1944063032868832,DGI,shot_noise_only,8.324046112630429,18.757453707517012,4.330987613410712,36.05134060726198
1208742806.8013065,1.2087428068013064,DGI,shot_noise_only,8.225872212657904,19.21037812474053,4.38296453610345,36.05370618659841
1223251391.9034216,1.2232513919034216,DGI,shot_noise_only,8.128843240525917,19.674240733528713,4.435565435604429,36.05601610912346
1237934124.0949595,1.2379341240949595,DGI,shot_noise_only,8.03294629984686,20.149305692823223,4.488797800394135,36.058271681436786
1252793093.669946,1.2527930936699458,DGI,shot_noise_only,7.938168623270562,20.63584354104319,4.5426692088510245,36.060474179598515
1267830416.0122828,1.2678304160122829,DGI,shot_noise_only,7.844497571789174,21.134131350150483,4.5971873303304145,36.062624849836894
1283048231.8969057,1.2830482318969056,DGI,shot_noise_only,7.75192063402117,21.644452883435807,4.65235992625633,36.06472490923965
1298448707.7945502,1.2984487077945501,DGI,shot_noise_only,7.660425425475902,22.167098757115195,4.708194851226444,36.06677554642978
1314034036.180182,1.3140340361801819,DGI,shot_noise_only,7.569999687799733,22.70236660582928,4.7647000541303,36.06877792222574
1329806435.8451257,1.3298064358451256,DGI,shot_noise_only,7.480631288005041,23.250561252139153,4.8218835792809385,36.07073317028672
1345768152.212941,1.345768152212941,DGI,shot_noise_only,7.392308217683102,23.811994880115822,4.8797535675601305,36.07264239774319
1361921457.6590905,1.3619214576590906,DGI,shot_noise_only,7.305018592201969,24.386987213121703,4.9383182575773406,36.074506685812906
1378268651.834445,1.378268651834445,DGI,shot_noise_only,7.218750649890351,24.97586569588562,4.997585986842609,36.076327090403
1394812061.9926693,1.3948120619926694,DGI,shot_noise_only,7.133492751208462,25.57896568097496,5.057565192953518,36.07810464269815
1411554043.3215425,1.4115540433215426,DGI,shot_noise_only,7.049233377906795,26.19663061977115,5.118264414796402,36.079840349735385
1428496979.27825,1.42849697927825,DGI,shot_noise_only,6.965961132173712,26.829212258057165,5.179692293761972,36.0815351949656
1445643281.9287028,1.4456432819287028,DGI,shot_noise_only,6.883664735772726,27.477070836328647,5.241857574975559,36.083190138802394
1462995392.2909293,1.4629953922909293,DGI,shot_noise_only,6.802333029170288,28.140575294942355,5.304769108542082,36.08480611915803
1480555780.6825886,1.4805557806825886,DGI,shot_noise_only,6.7219549706549016,28.82010348421915,5.368435850806001,36.08638405196737
1498326947.072655,1.498326947072655,DGI,shot_noise_only,6.64251963544828,29.51604237962098,5.432866865626377,36.08792483169956
1516311421.4373238,1.516311421437324,DGI,shot_noise_only,6.5640162148093495,30.228788302124336,5.498071325667241,36.089429331858106
1534511764.1201894,1.5345117641201895,DGI,shot_noise_only,6.486434015131723,30.958747143915794,5.564058513703445,36.09089840546928
1552930566.196746,1.552930566196746,DGI,shot_noise_only,6.4097624570353675,31.706334599538206,5.6308378239422066,36.09233288555948
1571570449.8432636,1.5715704498432637,DGI,shot_noise_only,6.3339910744530865,32.47197640261901,5.6984187633605,36.09373358562141
1590434068.710092,1.5904340687100922,DGI,shot_noise_only,6.259109513712433,33.256108568315625,5.7668109530585125,36.0951013000696
1609524108.299446,1.609524108299446,DGI,shot_noise_only,6.185107532613653,34.05917764161594,5.836024129629344,36.096436804685496
1628843286.3477232,1.6288432863477231,DGI,shot_noise_only,6.111974999504212,34.8816409516352,5.906068146545144,36.0977408570521
1648394353.2124126,1.6483943532124126,DGI,shot_noise_only,6.039701892350444,35.723966872054326,5.9769529755598985,36.099014196978736
1668180092.2636478,1.6681800922636478,DGI,shot_noise_only,5.96827829780685,36.586635087847846,6.048688708129047,36.10025754691595
1688203320.2804577,1.6882033202804578,DGI,shot_noise_only,5.897694410283524,37.470136868453245,6.121285556846147,36.10147161236079
1708466887.8517754,1.7084668878517755,DGI,shot_noise_only,5.827940531012183,38.37497534753746,6.194753856896774,36.102657082252755
1728973679.7822592,1.7289736797822592,DGI,shot_noise_only,5.759007067111264,39.30166580951981,6.26910406752989,36.103814629360606
1749726615.5029857,1.7497266155029858,DGI,shot_noise_only,5.690884530650492,40.25073598301441,6.344346773546857,36.104944910660166
1770728649.4870722,1.7707286494870722,DGI,shot_noise_only,5.623563537715345,41.222726341359376,6.42049268680834,36.10604856770341
1791982771.6702867,1.7919827716702867,DGI,shot_noise_only,5.557034807471815,42.218190410403714,6.497552647759287,36.10712622697901
1813492007.8767087,1.8134920078767087,DGI,shot_noise_only,5.491289161231809,43.23769508372749,6.575537626972222,36.10817850026449
1835259420.2494962,1.8352594202494963,DGI,shot_noise_only,5.426317521519589,44.28182094547437,6.654458726709061,36.109205984970316
1857288107.6868274,1.8572881076868275,DGI,shot_noise_only,5.362110911139539,45.351162600980906,6.734327182501672,36.110209264475806
1879581206.2830703,1.8795812062830703,DGI,shot_noise_only,5.29866045224563,46.446329015390305,6.815154364751418,36.11118890845753
1902141889.775251,1.902141889775251,DGI,shot_noise_only,5.235957365412846,47.56794386044394,6.896951780347891,36.11214547320978
1924973369.9948795,1.9249733699948794,DGI,shot_noise_only,5.173992968710913,48.71664586964779,6.979731074307074,36.11307950195787
1948078897.3252,1.9480788973252001,DGI,shot_noise_only,5.1127586767805555,49.89308920201634,7.063504031429185,36.113991525163996
1971461761.1639287,1.9714617611639287,DGI,shot_noise_only,5.0522459999125715,51.09794381460098,7.148282577976404,36.11488206082601
1995125290.391544,1.9951252903915442,DGI,shot_noise_only,4.9924465431299945,52.331895844014745,7.2340787833707445,36.11575161476931
2019072853.845203,2.019072853845203,DGI,shot_noise_only,4.933352005273543,53.595647997171156,7.3209048619123,36.116600680931874
2043307860.7983396,2.0433078607983397,DGI,shot_noise_only,4.874954178090601,54.88991995145959,7.4087731745181395,36.117429741642766
2067833761.4460251,2.067833761446025,DGI,shot_noise_only,4.817244945327942,56.21544876458461,7.497696230482041,36.118239267893976
2092654047.3961515,2.0926540473961515,DGI,shot_noise_only,4.760216281828415,57.572989294303184,7.587686689255374,36.11902971960617
2117772252.1665099,2.11777225216651,DGI,shot_noise_only,4.70386025263174,58.963314628298576,7.678757362249349,36.11980154588806
2143191951.6878376,2.1431919516878377,DGI,shot_noise_only,4.648169012079645,60.38721652443579,7.770921214658903,36.120555185289824
2168916764.812904,2.168916764812904,DGI,shot_noise_only,4.593134802925468,61.845505861649265,7.864191367308483,36.12129106605062
2194950353.831701,2.194950353831701,DGI,shot_noise_only,4.538749955448436,63.33901310171932,7.958581098519969,36.12200960634027
2221296424.9928255,2.2212964249928255,DGI,shot_noise_only,4.485006886572718,64.86858876220099,8.054103846003041,36.12271121449545
2247958729.0311155,2.2479587290311156,DGI,shot_noise_only,4.431898098991428,66.43510390077388,8.150773208768227,36.12339628925017
2274941061.701619,2.274941061701619,DGI,shot_noise_only,4.379416180295716,68.03945061128928,8.248602949062906,36.124065219961054
2302247264.319973,2.302247264319973,DGI,shot_noise_only,4.327553802109048,69.68254253179649,8.34760699433056,36.1247183868273
2329881224.30927,2.32988122430927,DGI,shot_noise_only,4.276303719226806,71.36531536483882,8.447799439193547,36.125356161105486
2357846875.753488,2.3578468757534883,DGI,shot_noise_only,4.225658768761318,73.0887274103142,8.549194547459674,36.12597890531942
2386148199.9575624,2.3861481999575624,DGI,shot_noise_only,4.175611869292427,74.85376011120456,8.651806754152831,36.12658697346495
2414789226.014178,2.414789226014178,DGI,shot_noise_only,4.126156020023687,76.6614186124847,8.755650667568041,36.127180711210286
2443774031.3773723,2.443774031377372,DGI,shot_noise_only,4.0772842999442505,78.51273233352919,8.860741071351153,36.12776045609125
2473106742.443016,2.473106742443016,DGI,shot_noise_only,4.028989866996595,80.40875555434235,8.96709292660349,36.1283265377023
2502791535.1362624,2.5027915351362626,DGI,shot_noise_only,3.9812659572500895,82.35056801594646,9.074721374011792,36.12887927788291
2532832635.506051,2.532832635506051,DGI,shot_noise_only,3.934105884080531,84.33927553526877,9.183641736003684,36.12941899089964
2563234320.326744,2.5632343203267443,DGI,shot_noise_only,3.8875030373556676,86.3760106348787,9.29386951892906,36.12994598362398
2594000917.7069893,2.5940009177069894,DGI,shot_noise_only,3.8414508826268,88.46193318793318,9.405420415267633,36.13046055570597
2625136807.705881,2.625136807705881,DGI,shot_noise_only,3.7959429603265225,90.59823107869681,9.518310305862949,36.13096299974385
2656646422.956527,2.6566464229565274,DGI,shot_noise_only,3.7509728849725974,92.78612087901486,9.632555262183283,36.13145360144961
2688534249.297098,2.6885342492970983,DGI,shot_noise_only,3.7065343443780745,95.02684854112225,9.748171548609628,36.131932639810785
2720804826.409447,2.7208048264094473,DGI,shot_noise_only,3.6626210988676564,97.32169010718445,9.86517562475116,36.13240038724851
2753462748.4653974,2.7534627484653975,DGI,shot_noise_only,3.6192269805003447,99.67195243597354,9.983584147788486,36.13285710977163
2786512664.7807884,2.7865126647807883,DGI,shot_noise_only,3.576345892298416,102.07897394709398,10.103413974845036,36.13330306712746
2819959280.4773717,2.819959280477372,DGI,shot_noise_only,3.5339718074827355,104.5441253831814,10.224682165386922,36.13373851294891
2853807357.1526537,2.853807357152654,DGI,shot_noise_only,3.4920987687144454,107.0688105905086,10.347405983651583,36.13416369489818
2888061713.55777,2.8880617135577697,DGI,shot_noise_only,3.4507208873430404,109.654467318443,10.471602901105589,36.13457885480703
2922727226.2835064,2.9227272262835062,DGI,shot_noise_only,3.4098323426608452,112.30256803821159,10.597290598931956,36.1349842288139
2957808830.454552,2.9578088304545522,DGI,shot_noise_only,3.369427381163904,115.01462078143896,10.724486970547307,36.13538004749762
2993311520.432084,2.993311520432084,DGI,shot_noise_only,3.329500315819298,117.7921699989365,10.853210124149284,36.13576653600824
3029240350.524779,3.0292403505247787,DGI,shot_noise_only,3.290045525338903,120.63679744023021,10.983478385294442,36.13614391419454
3065600435.7083707,3.0656004357083706,DGI,shot_noise_only,3.2510574534595604,123.55012305433101,11.115310299507208,36.136512396728726
3102396952.35384,3.10239695235384,DGI,shot_noise_only,3.212530608229695,126.53380591225775,11.248724634920073,36.136872193228136
3139635138.964342,3.139635138964342,DGI,shot_noise_only,3.1744595613023585,129.58954515183936,11.38374038494551,36.13722350837406
3177320296.920979,3.177320296920979,DGI,shot_noise_only,3.136838947234707,132.71908094533413,11.520376770979937,36.137566542027876
3215457791.2375293,3.215457791237529,DGI,shot_noise_only,3.0996634627938864,135.92419549041747,11.658653245140172,36.137901489344365
3254053051.324232,3.2540530513242323,DGI,shot_noise_only,3.0629278662693284,139.20671402510183,11.79858949303271,36.138228540882395
3293111571.760744,3.293111571760744,DGI,shot_noise_only,3.0266269767914475,142.56850586716735,11.940205436556246,36.138547882713034
3332638913.078363,3.332638913078363,DGI,shot_noise_only,2.9907556736567145,146.01148547869465,12.083521236737852,36.13885969652513
3372640702.551651,3.372640702551651,DGI,shot_noise_only,2.955308895659108,149.53761355630579,12.228557296603135,36.13916415972834
3413122634.9995613,3.4131226349995614,DGI,shot_noise_only,2.920281640427888,153.14889814773647,12.37533426408097,36.13946144555383
3454090473.59617,3.4540904735961697,DGI,shot_noise_only,2.8856689637717285,156.8473957953716,12.523873034942968,36.139751723152564
3495550050.6911454,3.495550050691145,DGI,shot_noise_only,2.8514659790291392,160.63521270739813,12.674194755778299,36.14003515769135
3537507268.6400676,3.5375072686400677,DGI,shot_noise_only,2.817667856425171,164.51450595724188,12.826320827004206,36.14031191044647
3579968100.644714,3.579968100644714,DGI,shot_noise_only,2.7842698224343847,168.48748471197064,12.980272905912674,36.14058213889533
3622938591.6034245,3.6229385916034245,DGI,shot_noise_only,2.751267159150049,172.55641149036325,13.136072909753631,36.140845996805794
3666424858.971679,3.6664248589716792,DGI,shot_noise_only,2.7186552036595537,176.72360345136062,13.293743018855173,36.14110363432348
3710433093.6330047,3.7104330936330046,DGI,shot_noise_only,2.6864293474259795,180.99143371363488,13.453305679781266,36.14135519805701
3754969560.7803345,3.7549695607803346,DGI,shot_noise_only,2.654585035675837,185.36233270702397,13.614783608527311,36.14160083116127
3800040600.80795,3.80004060080795,DGI,shot_noise_only,2.623117766792897,189.83878955660626,13.778199793754126,36.14184067341868
3845652630.2141185,3.8456526302141185,DGI,shot_noise_only,2.592023091718127,194.42335350019744,13.943577500060645,36.142074861318505
3891812142.5145755,3.8918121425145755,DGI,shot_noise_only,2.5612966133556627,199.11863534008327,14.110940271296002,36.142303528134484
3938525709.166972,3.938525709166972,DGI,shot_noise_only,2.5309339859847966,203.92730892981032,14.28031193391133,36.14252680400046
3985799980.5064096,3.9857999805064095,DGI,shot_noise_only,2.5009309146779457,208.8521126968833,14.451716600351784,36.14274481598424
4033641686.6922092,4.033641686692209,DGI,shot_noise_only,2.4712831547245746,213.89585120223538,14.625178672489282,36.14295768815988
4082057638.666046,4.082057638666046,DGI,shot_noise_only,2.4419865110610073,219.06139673736038,14.800722845096464,36.14316554167806
4131054729.1215844,4.131054729121584,DGI,shot_noise_only,2.4130368377061235,224.351690960016,14.978374109362337,36.14336849483497
4180639933.4857483,4.1806399334857485,DGI,shot_noise_only,2.3844300372028777,229.76974656942946,15.158157756450137,36.14356666313949
4230820310.9117713,4.2308203109117715,DGI,shot_noise_only,2.3561620600656155,235.31864902195878,15.340099381097854,36.14376015937879
4281603005.284165,4.281603005284165,DGI,shot_noise_only,2.3282289042331428,241.0015582881889,15.524224885262031,36.14394909368251
4332995246.235758,4.3329952462357575,DGI,shot_noise_only,2.3006266145274985,246.82171065246132,15.710560481805267,36.14413357358516
4385004350.1769285,4.385004350176929,DGI,shot_noise_only,2.273351282118418,252.7824205558618,15.89913269822797,36.144313704087416
4437637721.337206,4.437637721337206,DGI,shot_noise_only,2.246399043993405,258.8870824837184,16.089968380444954,36.14448958771566
4490902852.819358,4.4909028528193575,DGI,shot_noise_only,2.219766082433415,265.13917289868044,16.28309469660729,36.144661324580284
4544807327.666148,4.544807327666148,DGI,shot_noise_only,2.1934486244940685,271.5422522204842,16.478539140970117,36.144829012432574
4599358819.93989,4.59935881993989,DGI,shot_noise_only,2.1674429414923817,278.09996685352854,16.67632953780683,36.14499274672033
4654565095.814946,4.654565095814946,DGI,shot_noise_only,2.1417453484989535,284.81605126341645,16.87649404537022,36.14515262064195
4710434014.683363,4.710434014683363,DGI,shot_noise_only,2.1163522038355795,291.6943301036468,17.079061159901233,36.14530872519963
4766973530.273767,4.766973530273767,DGI,shot_noise_only,2.0912599085782317,298.738720393666,17.284059719685825,36.14546114925088
4824191691.783685,4.8241916917836845,DGI,shot_noise_only,2.0664649060653857,305.95323374951795,17.49151890916046,36.14560997955919
4882096645.025459,4.8820966450254595,DGI,shot_noise_only,2.041963681411627,313.3419786683665,17.70146826306695,36.14575530084327
4940696633.585925,4.940696633585925,DGI,shot_noise_only,2.017752761026509,320.9091628681888,17.913937670657134,36.14589719582522
5000000000.0,5.0,DGI,shot_noise_only,1.9938287121386118,328.6590956839729,18.12895737994805,36.14603574527761
