detuning_hz,detuning_ghz,dimensionless_delta,scalar_phase_rad,abs_scalar_phase_rad,faraday_rotation_rad,residual_optical_depth,scattered_photons_per_atom,reabsorption_fraction,destructiveness_metric,signal_per_scattered_photon,signal_to_destruction,two_level_dispersive_response_abs,two_level_absorptive_response,normalised_abs_scalar_phase,normalised_scattered_photons_per_atom,normalised_residual_optical_depth,normalised_signal_per_scattered_photon,normalised_signal_to_destruction
500000000,0.5,33.8983050847,0.608354408205,0.608354408205,-0.300834597464,0.0358929100841,0.178731095544,0.202527541741,0.214929064957,3.40374128158,2.83048925154,0.029474349947,0.000869493323435,1,1,1,0.100000636416,0.0833888070968
506473347.965,0.506473347965,34.3371761332,0.600592159536,0.600592159536,-0.296996122848,0.0349820356343,0.174195365007,0.1988424988,0.208832806665,3.44780792251,2.87594736252,0.0290982743723,0.000847427705163,0.987240581207,0.974622599818,0.97462244082,0.101295297723,0.0847280447023
513030504.397,0.513030504397,34.7817291117,0.592928620337,0.592928620337,-0.293206460606,0.0340942578463,0.169774643666,0.195194187629,0.202913667316,3.492445088,2.92207335356,0.0287269812032,0.000825921595529,0.974643418934,0.949888675774,0.949888369776,0.102606720827,0.0860869586661
519672554.34,0.51967255434,35.2320375824,0.585362547931,0.585362547931,-0.28946499623,0.0332289920254,0.165466020119,0.191583520991,0.197166582858,3.53766016437,2.96887301817,0.0283604102327,0.000804960830505,0.962206470498,0.92578193859,0.925781496889,0.103935122735,0.087465719671
526400596.884,0.526400596884,35.6881760599,0.577892714811,0.577892714811,-0.285771122709,0.0323856682303,0.161266656426,0.188011353279,0.19158661874,3.58346063357,3.01635217852,0.027998501989,0.000784531603464,0.949927718147,0.902286509997,0.902285943225,0.105280723264,0.0888644992429
533215745.349,0.533215745349,36.1502200236,0.570517908469,0.570517908469,-0.282124240452,0.0315637309038,0.157173786266,0.184478480912,0.186168967596,3.62985407442,3.0645166906,0.0276411977269,0.000764620456219,0.937805168787,0.879386912432,0.87938623059,0.106643745076,0.0902834699049
540119127.468,0.540119127468,36.6182459301,0.563236931233,0.563236931233,-0.278523757203,0.0307626385114,0.153184713139,0.180985642876,0.180908946925,3.67684816384,3.11337244955,0.02728843942,0.000745214270289,0.925836853709,0.857068058989,0.857067271482,0.108024413718,0.0917228053329
547111885.577,0.547111885577,37.0923312256,0.5560486001,0.5560486001,-0.274969087962,0.0299818631899,0.149296808616,0.177533521403,0.175801996784,3.72445067818,3.16292539489,0.0269401697527,0.000726300258372,0.914020828321,0.835315243617,0.835314359289,0.109422957654,0.0931826805109
554195176.799,0.554195176799,37.5725543593,0.548951746576,0.548951746576,-0.2714596549,0.0292208904046,0.145507510633,0.17412274278,0.17084367748,3.77266949443,3.21318151584,0.0265963321122,0.000707865956036,0.902355171873,0.814114131568,0.81411315873,0.110839608308,0.0946632718869
561370173.239,0.561370173239,38.0589947958,0.541945216509,0.541945216509,-0.267994887284,0.0284792186139,0.141814321822,0.170753878259,0.166029667265,3.82151259159,3.26414685661,0.0262568705807,0.000689899213617,0.890837987198,0.793450750078,0.793449696533,0.112274600099,0.0961647575286
568638062.175,0.568638062175,38.5517330288,0.535027869931,0.535027869931,-0.264574221394,0.027756358944,0.138214807887,0.167427445089,0.161355760045,3.87098805194,3.31582752164,0.0259217299275,0.000672388188312,0.879467400441,0.77331147927,0.77331035235,0.113728170484,0.0976873172784
576000046.26,0.57600004626,39.0508505939,0.528198580899,0.528198580899,-0.261197100445,0.02705183487,0.134706596022,0.16414390762,0.156817863076,3.92110406243,3.36822968085,0.0255908556015,0.00065532133647,0.868241560799,0.753683043302,0.753681849886,0.115200559989,0.099231132908
583457343.714,0.583457343714,39.5564300823,0.521456237334,0.521456237334,-0.257862974506,0.0263651819059,0.131287373367,0.160903678505,0.152411994683,3.97186891597,3.42135957488,0.0252641937231,0.000638687406081,0.857158640261,0.734552501718,0.734551248258,0.116692012259,0.100796388272
591011188.531,0.591011188531,40.0685551546,0.514799740863,0.514799740863,-0.254571300427,0.0256959473021,0.127954885495,0.157707119967,0.148134281972,4.02329101286,3.47522352024,0.024941691077,0.000622475429443,0.846216833346,0.715907241018,0.715905933566,0.118202774092,0.102383269461
598662830.68,0.59866283068,40.5873105546,0.508228006668,0.508228006668,-0.251321541759,0.0250436897505,0.124706934952,0.154554545126,0.143980958558,4.07537886215,3.52982791446,0.0246232951045,0.000606674716016,0.835414356851,0.697734966446,0.697733610672,0.119733095479,0.103991964952
606413536.313,0.606413536313,41.1127821229,0.501739963324,0.501739963324,-0.248113168677,0.0244079790963,0.121541379819,0.15144621939,0.139948362292,4.12814108306,3.58517924115,0.0243089538958,0.000591274845452,0.824749449592,0.680023693971,0.680022295187,0.121283229649,0.105622665758
614264587.975,0.614264587975,41.6450568118,0.495334552651,0.495334552651,-0.244945657904,0.0237883960581,0.118456132317,0.148382361881,0.136032933009,4.18158640639,3.64128407506,0.0239986161828,0.000576265660802,0.814220372154,0.662761742474,0.662760305652,0.122853433112,0.107275565577
622217284.815,0.622217284815,42.1842226993,0.489010729558,0.489010729558,-0.241818492639,0.0231845319537,0.115449157444,0.145363146905,0.132231210277,4.23572367599,3.69814908698,0.0236922313316,0.000561637261886,0.803825406642,0.645937726127,0.645936255918,0.124443965696,0.108950860937
630272942.804,0.630272942804,42.7303690036,0.482767461897,0.482767461897,-0.238731162477,0.0225959884342,0.112518471648,0.142388705454,0.128539831166,4.2905618502,3.75578104871,0.0233897493353,0.000547379998832,0.79356285643,0.629540546965,0.629539047718,0.126055090592,0.110648751341
638432894.947,0.638432894947,43.2835860981,0.476603730307,0.476603730307,-0.235683163339,0.022022377223,0.109662141534,0.139459126725,0.124955528027,4.34611000334,3.81418683778,0.0230911208066,0.000533484465781,0.783431045915,0.613559387637,0.613557863415,0.127687074403,0.112369439408
646698491.509,0.646698491509,43.843965526,0.470518528071,0.470518528071,-0.232673997398,0.0214633198629,0.106878282595,0.136574459663,0.12147512629,4.40237732723,3.87337344228,0.0227962969707,0.000519941494735,0.773428320277,0.597983704347,0.597982158944,0.129340187178,0.114113131013
655071100.236,0.655071100236,44.411600016,0.464510860966,0.464510860966,-0.229703173005,0.0209184474686,0.10416505799,0.133734714507,0.118095542282,4.45937313267,3.93334796546,0.0225052296582,0.000506742149576,0.763553045232,0.582803219962,0.582801656917,0.131014702468,0.115880035424
663552106.583,0.663552106583,44.9865834972,0.458579747117,0.458579747117,-0.226770204618,0.0203874004856,0.101520677336,0.130939864354,0.114813781056,4.51710685103,3.9941176303,0.0222178712981,0.00049387772022,0.753803606799,0.568007917298,0.568006339909,0.132710897361,0.117670365437
672142913.94,0.67214291394,45.5690111146,0.452724216857,0.452724216857,-0.223874612732,0.0198698284551,0.0989433955414,0.128189846708,0.111626934249,4.57558803576,4.05568978405,0.0219341749104,0.000481339716925,0.744178411056,0.553588032571,0.553586443911,0.134429052534,0.119484337509
680844943.868,0.680844943868,46.1589792453,0.446943312579,0.446943312579,-0.221015923803,0.0193653897849,0.0964315116631,0.125484565033,0.10853217796,4.63482636402,4.11807190256,0.0216540941,0.000469119864737,0.73467588391,0.539534049012,0.539532451938,0.136169452299,0.121322171885
689659636.331,0.689659636331,46.756585514,0.441236088595,0.441236088595,-0.218193670185,0.0188737515259,0.0939833677955,0.122823890299,0.105526770652,4.69483163825,4.1812715946,0.0213775830488,0.000457210098081,0.725294470861,0.525836690641,0.525835087812,0.137932384647,0.123184092726
698588449.938,0.698588449938,47.3619288093,0.435601611001,0.435601611001,-0.215407390055,0.0183945891543,0.0915973479848,0.120207662509,0.102608051078,4.75561378779,4.24529660611,0.0211045965098,0.000445602555477,0.716032636775,0.512486916202,0.512485310084,0.1397181413,0.125070328235
707632862.179,0.707632862179,47.9751093002,0.43003895753,0.43003895753,-0.21265662735,0.0179275863589,0.0892718771712,0.117635692213,0.0997734362374,4.81718287054,4.31015482424,0.0208350897998,0.0004342895744,0.706888865651,0.49947591324,0.499474306121,0.141527017753,0.126981110775
716794369.675,0.716794369675,48.5962284525,0.42454721742,0.42454721742,-0.209940931691,0.0174724348345,0.0870054201581,0.115107762,0.0970204193543,4.87954907463,4.37585428145,0.0205690187931,0.000423263686259,0.697861660397,0.486795092333,0.486793486334,0.143359313332,0.128916676988
726074488.423,0.726074488423,49.2253890456,0.419125491276,0.419125491276,-0.207259858323,0.0170288340794,0.0847964806066,0.112623627967,0.0943465678913,4.94272272007,4.44240315937,0.0203063399146,0.000412517611507,0.688949542607,0.474436081469,0.47443447855,0.145215331233,0.130877267914
735474754.046,0.735474754046,49.8626951896,0.413772890936,0.413772890936,-0.204612968045,0.016596491199,0.0826436000552,0.110183021169,0.0917495215895,5.0067142605,4.50980979265,0.0200470101334,0.000402044254872,0.680151052339,0.462390720561,0.462389122534,0.14709537858,0.1328631291
744996722.051,0.744996722051,50.5082523424,0.408488539334,0.408488539334,-0.201999827143,0.0161751207135,0.0805453569644,0.107785649028,0.0892269905409,5.0715342849,4.57808267272,0.0197909869564,0.000391836700708,0.671464747891,0.450651056098,0.450649464633,0.148999766475,0.134874510709
754641968.079,0.754641968079,51.1621673274,0.403271570374,0.403271570374,-0.199420007328,0.0157644443713,0.0785003657847,0.105431196726,0.0867767532928,5.13719351932,4.64723045138,0.0195382284217,0.000381888208462,0.662889205592,0.439209335934,0.439207752571,0.150928810043,0.136911667632
764412088.176,0.764412088176,51.8245483509,0.398121128791,0.398121128791,-0.196873085666,0.0153641909659,0.0765072760486,0.103119328557,0.0843966549844,5.20370282872,4.71726194439,0.0192886930924,0.000372192208252,0.654423019578,0.428058004209,0.428056430361,0.152882828495,0.138974859591
774308699.046,0.774308699046,52.4955050201,0.39303637003,0.39303637003,-0.19435864452,0.0149740961585,0.0745647714847,0.100849689249,0.0820846055179,5.27107321867,4.7881861349,0.0190423400503,0.000362742296564,0.646064801584,0.417189696386,0.41718813335,0.154862145168,0.141064351235
784333438.328,0.784333438328,53.1751483612,0.388016460109,0.388016460109,-0.191876271482,0.0145939023046,0.0726715691549,0.0986219052537,0.0798385777627,5.33931583728,4.86001217685,0.0187991288896,0.000353532232048,0.637813180731,0.40659723443,0.406595683394,0.156867087591,0.143180412249
794487964.861,0.794487964861,53.863590838,0.3830605755,0.3830605755,-0.189425559313,0.0142233582849,0.070826418612,0.0964355859936,0.0776566057947,5.40844197697,4.93274939819,0.018559019711,0.000344555931423,0.629666803319,0.396273622094,0.39627208414,0.15889798753,0.145323317444
804773958.961,0.804773958961,54.5609463703,0.378167902997,0.378167902997,-0.187006105878,0.0138622193402,0.06902810108,0.0942903250809,0.0755367831705,5.47846307634,5.00640730415,0.0183219731152,0.000335807465487,0.62162433262,0.386212040327,0.386210516442,0.160955181048,0.14749334685
815193122.7,0.8151931227,55.2673303525,0.373337639596,0.373337639596,-0.184617514086,0.0135102469113,0.0672754286533,0.0921857014934,0.073477261237,5.54939072213,5.08099558027,0.0180879501971,0.000327281055223,0.613684448671,0.376405842803,0.376404333882,0.163039008557,0.149690785815
825747180.183,0.825747180183,55.9828596734,0.368568992369,0.368568992369,-0.182259391831,0.013167208482,0.0655672435177,0.0901212807154,0.0714762474765,5.62123665104,5.15652409551,0.0178569125401,0.000318971068006,0.605845848075,0.366848551553,0.366847058406,0.165149814879,0.151915925085
836437877.839,0.836437877839,56.7076527349,0.363861178346,0.363861178346,-0.179931351929,0.0128328774265,0.0639024171896,0.0880966158395,0.069532003888,5.69401275175,5.23300290513,0.0176288222096,0.000310872013906,0.5981072438,0.357533852714,0.357532376072,0.167287949298,0.154169060898
847266984.708,0.847266984708,57.4418294717,0.359213424387,0.359213424387,-0.17763301206,0.0125070328606,0.0622798497751,0.0861112486301,0.0676428454037,5.76773106686,5.31044225363,0.0174036417477,0.000302978542079,0.590467364981,0.348455592383,0.348454132899,0.169453765621,0.156450495067
858236292.73,0.85823629273,58.1855113715,0.354624967074,0.354624967074,-0.175363994707,0.0121894594965,0.0606984692473,0.0841647105494,0.0658071383422,5.84240379488,5.3888525775,0.0171813341672,0.000295285437254,0.58292495672,0.339607772573,0.339606330831,0.171647622235,0.158760535061
869347617.047,0.869347617047,58.9388214947,0.350095052582,0.350095052582,-0.173123927101,0.0118799475016,0.0591572307421,0.0822565237439,0.0640232988973,5.91804329225,5.46824450804,0.0169618629459,0.000287787616306,0.575478779901,0.330984547272,0.330983123791,0.173869882169,0.161099494086
880602796.302,0.880602796302,59.701884495,0.345622936569,0.345622936569,-0.17091244116,0.0115782923602,0.0576551158719,0.080386201994,0.0622897916623,5.99466207538,5.54862887393,0.0167451920208,0.000280480124915,0.56812761099,0.322580218604,0.32257881384,0.17612091315,0.163467691166
892003692.94,0.89200369294,60.47482664,0.341207884059,0.341207884059,-0.168729173436,0.0112842947394,0.0561911320555,0.0785532516248,0.060605128191,6.07227282273,5.63001670393,0.016531285783,0.00027335813431,0.560870241847,0.314389233079,0.314387847431,0.178401087665,0.165865451218
903552193.52,0.90355219352,61.2577758319,0.336849169328,0.336849169328,-0.166573765052,0.0109977603579,0.0547643118664,0.0767571723804,0.0589678655926,6.15088837691,5.71241922941,0.0163201090716,0.000266416938095,0.553705479544,0.30640617795,0.306404811761,0.180710783027,0.168293105129
915250209.026,0.915250209026,62.0508616289,0.332546075791,0.332546075791,-0.164445861655,0.0107184998584,0.0533737123961,0.0749974582601,0.0573766051637,6.23052174679,5.79584788682,0.0161116271685,0.000259651949153,0.546632146172,0.298625777644,0.298624431211,0.18305038143,0.170750989827
927099675.181,0.927099675181,62.8542152665,0.328297895888,0.328297895888,-0.162345113351,0.0104463286828,0.0520184146344,0.0732735983193,0.0558299910535,6.31118610968,5.88031432019,0.015905805793,0.00025305869663,0.539649078662,0.291042890304,0.291041563873,0.18542027002,0.173239448356
939102552.772,0.939102552772,63.6679696795,0.324103930979,0.324103930979,-0.16027117466,0.0101810669513,0.0506975228649,0.0715850774336,0.0543267089648,6.39289481348,5.96583038352,0.0157026110964,0.000246632822996,0.532755128602,0.283652504398,0.283651198173,0.187820840952,0.175758829945
951260827.969,0.951260827969,64.4922595233,0.319963491229,0.319963491229,-0.158223704454,0.0099225393433,0.0494101640757,0.0699313770284,0.0528654848887,6.47566137889,6.05240814311,0.0155020096568,0.000240370081175,0.525949162057,0.276449735427,0.27644844957,0.190252491459,0.178309490079
963576512.658,0.963576512658,65.3272211972,0.315875895505,0.315875895505,-0.156202365909,0.00967057498289,0.048155487385,0.0683119757736,0.0514450838726,6.55949950169,6.14005987993,0.0153039684736,0.000234266331755,0.519230059395,0.269429822709,0.269428557345,0.192715623919,0.180891790566
976051644.772,0.976051644772,66.1729928659,0.311840471266,0.311840471266,-0.15420682645,0.0094250073258,0.0469326634813,0.0667263502447,0.0500643088227,6.64442305496,6.22879809187,0.0151084549627,0.000228317540258,0.512596715105,0.262588126249,0.262586881468,0.195210645917,0.183506099606
988688288.628,0.988688288628,67.0297144833,0.307856554456,0.307856554456,-0.152236757698,0.00918567405007,0.0457408840776,0.0651739755507,0.0487219993382,6.73044609137,6.31863549604,0.0149154369511,0.000222519774492,0.506048037631,0.255920123683,0.255918899541,0.197737970316,0.186152791857
1001488535.27,1.00148853527,67.8975278149,0.303923489406,0.303923489406,-0.150291835421,0.0089524169491,0.0445793613793,0.0636543259305,0.0474170305783,6.81758284557,6.40958503093,0.0147248826721,0.000216869201957,0.499582949194,0.249421407303,0.249420203826,0.200298015324,0.188832248497
1014454502.81,1.01445450281,68.7765764619,0.300040628724,0.300040628724,-0.148371739479,0.00872508182754,0.0434473275656,0.0621668753174,0.0461483121612,6.90584773646,6.50165985867,0.0145367607599,0.000211362087323,0.493200385626,0.243087681152,0.243086498339,0.202891204562,0.191544857296
1027588336.79,1.02758833679,69.6670058844,0.296207333197,0.296207333197,-0.146476153779,0.00850351839975,0.0423440342839,0.0607110978733,0.0449147870936,6.99525536965,6.5948733672,0.0143510402452,0.000205994789973,0.486899296203,0.236914758201,0.236913596023,0.205517967139,0.194291012674
1040892210.53,1.04089221053,70.5689634259,0.292422971688,0.292422971688,-0.144604766219,0.00828758019083,0.0412687521571,0.0592864684936,0.0437154307316,7.08582053983,6.68923917239,0.0141676905498,0.000200763761603,0.480678643475,0.230898557587,0.230897415991,0.208178737716,0.197071115768
1054368325.48,1.05436832548,71.4825983374,0.288686921038,0.288686921038,-0.142757268645,0.00807712444014,0.0402207703034,0.0578924632832,0.0425492497714,7.17755823322,6.78477112026,0.0139866814821,0.000195665543886,0.474537403106,0.225035101928,0.225033980839,0.210873956584,0.199885574494
1068018911.58,1.06801891158,72.4080618023,0.284998565966,0.284998565966,-0.140933356796,0.00787201200728,0.0391993958677,0.0565285600053,0.0414152812692,7.27048363009,6.88148328906,0.0138079832321,0.000190696766194,0.468474563711,0.219320514701,0.219319414024,0.213604069732,0.20273480361
1081846227.68,1.08184622768,73.3455069613,0.281357298972,0.281357298972,-0.139132730261,0.00767210728043,0.0382039535655,0.0551942385023,0.0403125916903,7.36461210723,6.97938999145,0.0136315663669,0.000185854143378,0.462489126696,0.213751017691,0.213749937312,0.216369528926,0.20561922478
1095852561.83,1.09585256183,74.2950889377,0.277762520243,0.277762520243,-0.137355092428,0.007477278087,0.0372337852376,0.0538889810919,0.0392402759863,7.45995924051,7.07850577656,0.0134574018259,0.000181134473602,0.456580106097,0.208322928499,0.208321868287,0.219170791777,0.208539266635
1110040231.73,1.11004023173,75.2569648632,0.274213637552,0.274213637552,-0.135600150438,0.0072873956065,0.0362882494171,0.0526122729378,0.0381974566999,7.55654080746,7.1788454322,0.0132854609162,0.000176534636234,0.450746528427,0.203032658121,0.203031617927,0.222008321825,0.211495364838
1124411585.08,1.12441158508,76.2312939039,0.270710066169,0.270710066169,-0.133867615139,0.00710233428573,0.035366720906,0.0513636023959,0.0371832830966,7.65437278987,7.28042398693,0.0131157153081,0.000172051589792,0.44498743252,0.197876708573,0.197875688237,0.224882588608,0.214487962142
1138968999.97,1.13896899997,77.2182372863,0.267251228769,0.267251228769,-0.13215720104,0.00692197175592,0.0344685903634,0.0501424613379,0.0361969303231,7.75347137644,7.38325671221,0.0129481370304,0.000167682369935,0.439301869378,0.192851670598,0.192850669943,0.227794067744,0.217517508461
1153714885.29,1.15371488529,78.2179583247,0.263836555334,0.263836555334,-0.130468626264,0.00674618875218,0.0335932639042,0.0489483454521,0.0352375985906,7.85385296549,7.48735912454,0.0127826984663,0.000163424087512,0.433688902021,0.187954221407,0.187953240246,0.230743241009,0.220584460923
1168651681.1,1.1686516811,79.2306224473,0.260465483068,0.260465483068,-0.128801612506,0.00657486903479,0.032740162707,0.0477807545231,0.0343045123843,7.9555341676,7.59274698763,0.0126193723486,0.000159273926656,0.428147605335,0.183181122498,0.183180160633,0.233730596416,0.223689283943
1183781859.06,1.18378185906,80.2563972244,0.257137456304,0.257137456304,-0.127155884985,0.00640789931261,0.0319087226329,0.0466391926906,0.0333969196963,8.05853180844,7.69943631455,0.0124581317557,0.000155229142928,0.422677065926,0.178529217514,0.178528274737,0.236756628297,0.22683244928
1199107922.84,1.19910792284,81.2954523957,0.253851926415,0.253851926415,-0.125531172403,0.00624516916838,0.0310983938535,0.0455231686887,0.0325140912828,8.16286293149,7.80744336993,0.012298950107,0.000151287061509,0.417276381977,0.173995430168,0.173994506262,0.239821837383,0.230014436105
1214632408.5,1.2146324085,82.3479598983,0.250608351731,0.250608351731,-0.1239272069,0.00608657098587,0.0303086404882,0.0444321960659,0.0316553199449,8.2685448009,7.91678467214,0.0121418011589,0.000147445075432,0.411944663096,0.169576762208,0.169575856948,0.242926730889,0.233235731064
1230357884.96,1.23035788496,83.4140938955,0.247406197446,0.247406197446,-0.122343724012,0.00593199987897,0.029538940251,0.043365793388,0.0308199198308,8.37559490435,8.02747699553,0.0119866590004,0.000143700643868,0.406681030184,0.165270291446,0.1652694046,0.246071822594,0.236496828345
1246286954.38,1.24628695438,84.4940308053,0.244244935536,0.244244935536,-0.120780462628,0.00578135362245,0.0287887841058,0.0423234844219,0.0300072257614,8.48403095589,8.1395373727,0.0118334980493,0.000140051290446,0.401484615286,0.161073169826,0.161072301156,0.249257632933,0.239798229744
1262422252.62,1.26242225262,85.58794933,0.241124044673,0.241124044673,-0.119237164948,0.00563453258457,0.0280576759307,0.0413047983049,0.0292165925759,8.59387089895,8.25298309673,0.0116822930474,0.000136494601621,0.396354561455,0.156982621549,0.156981770811,0.252484689075,0.243140444731
1278766449.66,1.27876644966,86.6960304852,0.238043010144,0.238043010144,-0.117713576445,0.00549143966134,0.027345132191,0.0403092696967,0.0284473944994,8.70513290924,8.36783172352,0.0115330190573,0.000133028225084,0.391290022613,0.152995941237,0.152995108184,0.255753525017,0.246523990519
1295322250.05,1.29532225005,87.8184576302,0.235001323763,0.235001323763,-0.116209445817,0.00535198021247,0.0266506816199,0.0393364389172,0.0276990245295,8.81783539779,8.48410107412,0.0113856514577,0.000129649868205,0.38629016342,0.149110492155,0.149109676533,0.259064681667,0.249949392132
1312092393.35,1.31209239335,88.9554164981,0.231998483796,0.231998483796,-0.114724524954,0.00521606199891,0.0259738649076,0.0383858520696,0.0269708938436,8.931997014,8.6018092371,0.01124016594,0.000126357296526,0.381354159134,0.145323704465,0.145322906019,0.262418706939,0.253417182477
1329079654.59,1.32907965459,90.1070952268,0.229033994876,0.229033994876,-0.113258568895,0.005083595122,0.0253142343983,0.03745706115,0.0262624312241,9.04763664873,8.72097457094,0.011096538504,0.000123148332283,0.376481195479,0.141633073536,0.141632292007,0.265816155837,0.25692790241
1346286844.75,1.34628684475,91.2736843897,0.226107367924,0.226107367924,-0.111811335786,0.00495449196415,0.0246713537949,0.0365496241442,0.0255730825032,9.16477343739,8.84161570649,0.0109547454541,0.000120020852969,0.37167046852,0.138036158285,0.138035393412,0.269257590554,0.260482100814
1363716811.16,1.36371681116,92.4553770279,0.223218120069,0.223218120069,-0.110382586848,0.004828667131,0.024044797871,0.035663105112,0.0249023100248,9.28342676313,8.96375154943,0.0108147633956,0.000116972789937,0.366921184525,0.134530579571,0.134529831092,0.272743580559,0.264080334667
1381372438.05,1.38137243805,93.6523686813,0.220365774576,0.220365774576,-0.108972086329,0.00470603739508,0.0234341521901,0.0347970742598,0.0242495921241,9.40361626008,9.08740128282,0.010676569231,0.000114002127029,0.362232559843,0.131114018625,0.131113286275,0.276274702695,0.26772316912
1399256646.97,1.39925664697,94.8648574216,0.217549860761,0.217549860761,-0.107579601475,0.00458652164087,0.0228390128324,0.0339511080024,0.0236144226237,9.52536181654,9.21258436963,0.010540140156,0.000111106899251,0.357603820778,0.127784215516,0.127783499029,0.279851541274,0.271411177571
1417372397.3,1.4173723973,96.0930438851,0.214769913921,0.214769913921,-0.106204902489,0.00447004081124,0.0222589861278,0.0331247890143,0.022996310347,9.64868357831,9.33932055537,0.010405453656,0.00010828519147,0.353034203459,0.12453896766,0.124538266771,0.28347468817,0.275144941739
1435722686.75,1.43572268675,97.3371313052,0.212025475257,0.212025475257,-0.10484776249,0.00435651785529,0.0216936883964,0.0323177062709,0.0223947786459,9.773601952,9.46762987075,0.0102724875025,0.000105535137155,0.348522953721,0.12137612837,0.121375442813,0.287144742923,0.278925051747
1454310551.82,1.45431055182,98.5973255468,0.209316091798,0.209316091798,-0.103507957483,0.00424587767746,0.0211427456948,0.0315294550806,0.0218093649454,9.90013760842,9.59753263434,0.0101412197495,0.000102854917142,0.344069326983,0.118293605432,0.118292934942,0.290862312834,0.2827521062
1473139068.32,1.47313906832,99.8738351401,0.206641316332,0.206641316332,-0.102185266318,0.00413804708796,0.0206057935696,0.0307596371082,0.0212396203021,10.028311486,9.72904945537,0.0100116287298,0.000100242758434,0.339672588125,0.115289359733,0.115288704044,0.294628013065,0.286626712264
1492211351.9,1.4922113519,101.166871315,0.20400070733,0.20400070733,-0.100879470658,0.00403295475444,0.0200824768165,0.0300078603896,0.0206851089771,10.1581447943,9.86220123648,0.00988369305159,9.76969330289e-05,0.335332011372,0.112361403903,0.112360762752,0.298442466745,0.290549485751
1511530558.53,1.51153055853,102.476648036,0.201393828877,0.201393828877,-0.0995903549392,0.00393053115489,0.019572449246,0.0292737393391,0.0201454080235,10.2896590174,9.99700917661,0.00975739159513,9.52157567811e-05,0.331046880175,0.109507801015,0.109507174138,0.302306305069,0.2945210512
1531099885.06,1.53109988506,103.803382038,0.198820250599,0.198820250599,-0.09831770634,0.00383070853175,0.0190753734546,0.0285568947491,0.0196201068866,10.4228759176,10.1334947739,0.00963270350909,9.27975882863e-05,0.326816487095,0.106726663296,0.106726050431,0.306220167404,0.298542041965
1550922569.71,1.55092256971,105.147292862,0.196279547594,0.196279547594,-0.0970613147443,0.00373342084712,0.0185909206019,0.0278569537832,0.0191088070179,10.5578175388,10.2716798286,0.0095096082073,9.04408277997e-05,0.32264013369,0.104016150885,0.104015551773,0.310184701394,0.302613100304
1571001892.63,1.57100189263,106.50860289,0.193771300366,0.193771300366,-0.0958209727084,0.00363860373919,0.0181187701938,0.0271735499629,0.018611121501,10.6945062106,10.4115864461,0.00938808536542,8.81439161784e-05,0.318517130397,0.101374470618,0.101373885,0.314200563069,0.30673487746
1591341176.44,1.59134117644,107.887537386,0.191295094753,0.191295094753,-0.0945964754271,0.0035461944797,0.0176586098705,0.0265063231475,0.0181266746901,10.8329645513,10.5532370401,0.0092681149176,8.59053338522e-05,0.314446796427,0.0987998748443,0.0987993024637,0.318268416952,0.310908033762
1611943786.77,1.61194378677,109.284324527,0.188850521861,0.188850521861,-0.0933876207004,0.00345613193253,0.0172101352003,0.0258549195095,0.0176551018606,10.9732154724,10.6966543355,0.00914967705324,8.37235998198e-05,0.310428459651,0.0962906602675,0.0962901008704,0.32238893617,0.315133238707
1632813132.83,1.63281313283,110.699195446,0.186437177999,0.186437177999,-0.0921942089008,0.00336835651331,0.0167730494783,0.0252189915043,0.0171960488706,11.1152821817,10.8418613719,0.00903275221378,8.15972706701e-05,0.306461456488,0.0938451668261,0.0938446201607,0.326562802564,0.319411171061
1653952667.97,1.65395266797,112.132384269,0.184054664613,0.184054664613,-0.0910160429407,0.00328281015004,0.016347063531,0.0245981978345,0.0167491718338,11.2591881878,10.9888815065,0.00891732108951,7.95249396294e-05,0.302545131803,0.091461776594,0.091461242411,0.330790706802,0.32374251895
1675365890.24,1.67536589024,113.584128152,0.18170258822,0.18170258822,-0.0898529282405,0.00319943624476,0.0159318955246,0.0239922034103,0.0163141368028,11.4049573033,11.1377384177,0.00880336461645,7.75052356317e-05,0.298678838797,0.089138912712,0.0891383907647,0.335073348496,0.32812797996
1697056343,1.697056343,115.054667322,0.179380560343,0.179380560343,-0.088704672697,0.00311817963614,0.0155272707791,0.0234006793056,0.0158906194631,11.5526136495,11.2884561083,0.00869086397322,7.55368224126e-05,0.294861938902,0.0868750383468,0.0868745283911,0.339411436313,0.332568261236
1719027615.44,1.71902761544,116.544245115,0.177088197452,0.177088197452,-0.087571086652,0.00303898656304,0.015132921587,0.0228233027101,0.0154783048372,11.7021816596,11.4410589088,0.00857980057804,7.36183976273e-05,0.291093801678,0.0846686556747,0.0846681574695,0.343805688098,0.33706407958
1741283343.27,1.74128334327,118.053108019,0.174825120898,0.174825120898,-0.0864519828616,0.00296180462899,0.0147485870359,0.0222597568779,0.0150768869976,11.8536860834,11.5955714814,0.0084701560856,7.17486919893e-05,0.28737380471,0.0825183048927,0.0825178182,0.348256830986,0.341616161557
1763827209.25,1.76382720925,119.581505712,0.172590956853,0.172590956853,-0.0853471764656,0.00288658276756,0.0143740128368,0.0217097310723,0.0146860687899,12.007151991,11.7520188228,0.0083619123842,6.99264684321e-05,0.283701333507,0.0804225632539,0.0804220878383,0.35276560153,0.346225243598
1786662943.8,1.7866629438,121.129691105,0.170385336247,0.170385336247,-0.0842564849575,0.00281327120862,0.0140089511556,0.0211729205085,0.0143055615648,12.1626047771,11.9104262685,0.00825505159271,6.81505212918e-05,0.280075781402,0.0783800441268,0.0783795797563,0.357332745815,0.350892072106
1809794325.66,1.80979432566,122.697920384,0.168207894712,0.168207894712,-0.0831797281545,0.00274182144549,0.0136531604493,0.0206490262929,0.0139350849184,12.3200701652,12.0708194961,0.00814955605766,6.64196755103e-05,0.276496549452,0.0763893960798,0.0763889425256,0.361959019589,0.355617403568
1833225182.49,1.83322518249,124.28645305,0.166058272519,0.166058272519,-0.0821167281685,0.00267218620282,0.0133064053067,0.0201377553598,0.0135743664415,12.4795742119,12.233224529,0.00804540835044,6.47327858589e-05,0.272963046341,0.0744493019877,0.0744488590242,0.366645188381,0.36040200466
1856959391.49,1.85695939149,125.895551966,0.163936114518,0.163936114518,-0.081067309377,0.00260431940538,0.0129684562928,0.0196388204064,0.0132231414769,12.6411433108,12.3976677406,0.00794259126436,6.30887361813e-05,0.269474688285,0.0725584781615,0.0725580455661,0.371392027635,0.365246652363
1881000880.09,1.88100088009,127.525483396,0.161841070086,0.161841070086,-0.080031298394,0.00253817614764,0.0126390897967,0.0191519398249,0.012881152884,12.8048041978,12.5641758578,0.0078410878119,6.1486438656e-05,0.266030898934,0.0707156734997,0.0707152510535,0.376200322831,0.370152134076
1905353626.53,1.90535362653,129.176517053,0.159772793063,0.159772793063,-0.0790085240424,0.00247371266402,0.0123180878845,0.0186768376336,0.0125481508118,12.9705839544,12.7327759651,0.00774088122193,5.99248330777e-05,0.262631109282,0.0689196686619,0.068919256149,0.381070869619,0.375119247735
1930021660.57,1.93002166057,130.84892614,0.157730941703,0.157730941703,-0.0779988173256,0.00241088630004,0.0120052381545,0.0182132434056,0.0122238924792,13.1385100131,12.9034955086,0.00764195493697,5.84028861559e-05,0.259274757568,0.0671692752624,0.0671688724706,0.386004473952,0.380148801927
1955009064.14,1.95500906414,132.542987399,0.155715178609,0.155715178609,-0.0770020114001,0.00234965548407,0.0117003335978,0.0177608921966,0.0119081419615,13.3086101612,13.0763623001,0.00754429261048,5.69195908324e-05,0.255961289191,0.0654633350854,0.0654629418056,0.391001952216,0.385241616013
1980319972.03,1.98031997203,134.258981155,0.153725170686,0.153725170686,-0.0760179415481,0.00228997969989,0.0114031724603,0.0173195244711,0.0116006699848,13.4809125461,13.2514045213,0.00744787810419,5.54739656157e-05,0.252690156614,0.0638007193187,0.0638003353454,0.396064131366,0.39039852025
2005958572.56,2.00595857256,135.99719136,0.151760589082,0.151760589082,-0.0750464451507,0.00223181945988,0.0111135581104,0.0168888860275,0.0113012537267,13.6554456795,13.4286507278,0.00735269548546,5.4065053932e-05,0.249460819278,0.062180327808,0.062179952939,0.401191849064,0.395620355917
2031929108.24,2.03192910824,137.757905643,0.149821109137,0.149821109137,-0.0740873616612,0.00217513627893,0.0108312989083,0.0164687279223,0.0110096766231,13.832238442,13.608129854,0.0072587290247,5.26919234929e-05,0.246272743513,0.0606010883297,0.0606007223663,0.406385953818,0.40090797544
2058235876.55,2.05823587655,139.54141536,0.147906410326,0.147906410326,-0.073140532579,0.00211989264901,0.0105562080797,0.0160588063935,0.0107257281815,14.0113200885,13.7898712165,0.00716596319277,5.13536656791e-05,0.243125402449,0.0590619558818,0.0590615986287,0.411647305119,0.406262242521
2084883230.6,2.0848832306,141.348015634,0.146016176212,0.146016176212,-0.0722058014236,0.00206605201435,0.0102881035922,0.0156588827833,0.0104492038004,14.1927202524,13.9739045195,0.00707438265844,5.004939494e-05,0.24001827593,0.0575619119934,0.0575615632587,0.416976773587,0.411684032269
2111875579.83,2.11187557983,143.178005412,0.144150094389,0.144150094389,-0.0712830137089,0.00201357874729,0.0100268080349,0.0152687234601,0.0101799045939,14.3764689508,14.1602598589,0.0069839722859,4.87782482078e-05,0.236950850433,0.0560999640512,0.0560996236464,0.422375241115,0.417174231336
2139217390.81,2.13921739081,145.031687512,0.142307856435,0.142307856435,-0.0703720169182,0.00196243812474,0.00977214850112,0.0148880997403,0.00991763722269,14.5625965895,14.3489677268,0.00689471713229,4.75393843273e-05,0.233922618979,0.0546751446433,0.0546748123833,0.427843601011,0.422733738048
2166913187.89,2.16691318789,146.909368671,0.140489157857,0.140489157857,-0.0694726604789,0.00191259630517,0.00952395647439,0.0145167878099,0.00966221372963,14.7511339678,14.5400590163,0.0068066024452,4.63319834997e-05,0.23093308105,0.0532865109197,0.0532861866226,0.43338275815,0.428363462546
2194967554.04,2.19496755404,148.811359596,0.138693698048,0.138693698048,-0.0685847957379,0.0018640203063,0.00928206771657,0.0141545686454,0.00941345138123,14.9421122839,14.7335650264,0.00671961366033,4.51552467404e-05,0.227981742512,0.0519331439687,0.0519328274563,0.438993629121,0.434064326922
2223385131.54,2.22338513154,150.737975019,0.136921180229,0.136921180229,-0.0677082759376,0.00181667798326,0.00904632215955,0.013801227935,0.00917117251365,15.1355631399,14.9295174663,0.00663373639904,4.40083953508e-05,0.22506811553,0.0506141482097,0.050613839307,0.444677142382,0.439837265367
2252170622.77,2.25217062277,152.689533747,0.135171311409,0.135171311409,-0.0668429561913,0.00177053800731,0.00881656379934,0.013456556,0.00893520438384,15.3315185468,15.1279484612,0.00654895646604,4.28906704037e-05,0.222191718488,0.0493286508009,0.049328349336,0.450434238409,0.44568322431
2281328791,2.281328791,154.666358712,0.13344380233,0.13344380233,-0.06598869346,0.0017255698452,0.00859264059293,0.0131203477156,0.0087053790253,15.5300109305,15.3288905563,0.00646525984703,4.1801332241e-05,0.219352075912,0.0480758010618,0.0480755068663,0.456265869855,0.451603162568
2310864461.17,2.31086446117,156.668777029,0.131738367424,0.131738367424,-0.0651453465286,0.0016817437389,0.00837440435771,0.0127924024328,0.00848153310839,15.7310731363,15.5323767226,0.00638263270643,4.07396599851e-05,0.216548718391,0.0468547699113,0.0468544828201,0.462173001707,0.457598051492
2340782520.69,2.34078252069,158.697120047,0.130054724765,0.130054724765,-0.0643127759828,0.00163903068596,0.00816171067356,0.0124725238995,0.008263507805,15.934738435,15.7384403614,0.00630106138508,3.97049510617e-05,0.2137811825,0.0456647493192,0.0456644691702,0.468156611445,0.463668875121
2371087920.22,2.37108792022,160.751723405,0.128392596021,0.128392596021,-0.0634908441863,0.00159740242035,0.00795441878729,0.012160520183,0.0080511486575,16.1410405279,15.9471153103,0.00622053239804,3.86965207357e-05,0.211049010724,0.0445049517717,0.0445046784061,0.474217689205,0.469816630335
2401785674.54,2.40178567454,162.832927088,0.126751706411,0.126751706411,-0.0626794152584,0.00155683139373,0.00775239151958,0.011856203592,0.00784430545176,16.3500135528,16.1584358476,0.00614103243234,3.77137016583e-05,0.208351751383,0.043374609751,0.0433743430131,0.480357237941,0.476042327011
2432880863.36,2.43288086336,164.941075482,0.125131784659,0.125131784659,-0.0618783550512,0.00151729075724,0.00755549517427,0.0115593905997,0.00764283209417,16.5616920894,16.3724366985,0.00606254834482,3.67558434253e-05,0.20568895856,0.0422729752273,0.0422727149647,0.486576273593,0.48234698818
2464378632.13,2.46437863213,167.076517433,0.123532562948,0.123532562948,-0.0610875311281,0.00147875434377,0.00736359944995,0.011269901767,0.0074465864924,16.7761111651,16.58915304,0.00598506715997,3.58223121474e-05,0.203060192023,0.0411993191646,0.0411990652279,0.492875825251,0.48873165019
2496284192.93,2.49628419293,169.239606301,0.121953776878,0.121953776878,-0.0603068127419,0.00144119665064,0.00717657735376,0.0109875616663,0.00725543043999,16.993306261,16.8086205066,0.00590857606779,3.49124900308e-05,0.200465017156,0.0401529310382,0.040152683281,0.499256935333,0.495197362868
2528602825.33,2.52860282533,171.430700023,0.120395165422,0.120395165422,-0.0595360708131,0.00140459282271,0.00699430511744,0.0107121988064,0.00706922950437,17.2133133171,17.0308751962,0.00583306242169,3.40257749686e-05,0.19790300489,0.0391331183651,0.0391328766438,0.50572065975,0.501745189687
2561339877.24,2.56133987724,173.650161169,0.118856470883,0.118856470883,-0.058775177909,0.00136891863598,0.00681666211544,0.0104436455574,0.00688785291846,17.4361687392,17.2559536752,0.00575851373641,3.31615801428e-05,0.195373731627,0.0381392062455,0.0381389704199,0.512268068084,0.508376207933
2594500765.8,2.5945007658,175.898357003,0.11733743885,0.11733743885,-0.0580240082228,0.00133415048156,0.00664353078517,0.0101817380766,0.00671117347553,17.661909404,17.4838929851,0.00568491768599,3.23193336359e-05,0.192876779173,0.0371705369172,0.0371703068497,0.518900243765,0.515091508876
2628090978.3,2.6280909783,178.175659546,0.115837818162,0.115837818162,-0.0572824375526,0.00130026535001,0.00647479654923,0.00992631623537,0.00653906742734,17.890572666,17.7147306476,0.00561226210174,3.14984780527e-05,0.190411734672,0.0362264693199,0.0362262448759,0.525618284249,0.521892197944
2662116073.07,2.66211607307,180.482445632,0.114357360858,0.114357360858,-0.0565503432812,0.00126724081621,0.00631034773965,0.0096772235462,0.00637141438538,18.1221963631,17.9485046711,0.00554053497019,3.06984701519e-05,0.187978190534,0.0353063786715,0.0353061597191,0.5324233012,0.528779394898
2696581680.4,2.6965816804,182.819096976,0.112895822143,0.112895822143,-0.0558276043563,0.00123505502445,0.00615007552397,0.00943430709127,0.0062080972251,18.3568188232,18.1852535566,0.00546972443119,2.99187804866e-05,0.185575744369,0.0344096560548,0.0344094424651,0.539316420678,0.535754234012
2731493503.47,2.73149350347,185.186000235,0.111452960345,0.111452960345,-0.0551141012697,0.00120368667398,0.00599387383335,0.00919741745127,0.00604900199314,18.5944788703,18.4250163038,0.00539981877592,2.91588930539e-05,0.183203998922,0.0335357080149,0.0335354996616,0.546298783317,0.542817864253
2766857319.29,2.76685731929,187.58354707,0.110028536878,0.110028536878,-0.0544097160386,0.00117311500498,0.00584163929232,0.00896640863541,0.00589401781732,18.835215831,18.6678324173,0.00533080644498,2.84183049539e-05,0.18086256201,0.0326839561663,0.0326837529259,0.553371544521,0.549971449462
2802678979.68,2.80267897968,190.012134216,0.108622316198,0.108622316198,-0.0537143321856,0.00114331978477,0.00569327115047,0.00874113801217,0.00574303681933,19.0790695414,18.913741913,0.00526267602646,2.76965260571e-05,0.17855104645,0.0318538368108,0.0318536385623,0.560535874653,0.557216168548
2838964412.22,2.83896441222,192.47216354,0.107234065767,0.107234065767,-0.0530278347199,0.00111428129444,0.00554867121575,0.008521466241,0.0055959540302,19.3260803528,19.1627853246,0.00519541625411,2.69930786798e-05,0.176269070004,0.031044800564,0.0310446071894,0.567792959226,0.564553215667
2875719621.22,2.87571962122,194.964042116,0.105863556017,0.105863556017,-0.0523501101183,0.00108598031583,0.00540774378959,0.00830725720489,0.00545266730815,19.5762891394,19.41500371,0.00512901600545,2.63074972686e-05,0.17401625531,0.0302563119928,0.0302561233762,0.575143999105,0.571983800423
2912950688.73,2.91295068873,197.488182287,0.104510560308,0.104510560308,-0.0516810463061,0.00105839811879,0.00527039560352,0.00809837794396,0.00531307725903,19.8297373044,19.6704386578,0.00506346429995,2.5639328092e-05,0.171792229822,0.0294878492602,0.0294876652885,0.582590210699,0.579509148057
2950663775.55,2.95066377555,200.045001733,0.103174854893,0.103174854893,-0.0510205326394,0.00103151644879,0.00513653575751,0.00789469858989,0.00517708715911,20.0864667869,19.9291322943,0.00499875029724,2.49881289407e-05,0.169596625752,0.028738903781,0.0287387243435,0.590132826167,0.587130499644
2988865122.25,2.98886512225,202.634923542,0.101856218881,0.101856218881,-0.0503684598863,0.00100531751488,0.00500607565985,0.0076960923014,0.0050446028802,20.3465200692,20.1911272899,0.00493486329529,2.43534688346e-05,0.167429080002,0.0280089798847,0.0280088048732,0.59777309362,0.594849112297
3027561050.16,3.02756105016,205.258376282,0.100554434201,0.100554434201,-0.0497247202093,0.000979783977858,0.00487892896853,0.00750243520062,0.00491553281697,20.6099401835,20.4564668664,0.00487179272869,2.37349277381e-05,0.165289234112,0.0272975944879,0.0272974237966,0.605512277329,0.602666259367
3066757962.48,3.06675796248,207.915794067,0.0992692855645,0.0992692855645,-0.0490892071473,0.000954898938873,0.00475501153411,0.0073136063105,0.00478978781647,20.8767707191,20.7251948036,0.00480952816689,2.3132096282e-05,0.163176734196,0.0266042767748,0.0266041103002,0.613351657931,0.610583230649
3106462345.31,3.10646234531,210.607616631,0.0980005604318,0.0980005604318,-0.0484618155982,0.00093064592819,0.00463424134408,0.00712948749313,0.00466728110978,21.1470558298,20.9973554467,0.00474805931248,2.25445754927e-05,0.161091230885,0.0259285678856,0.0259284055266,0.621292532645,0.618601332592
3146680768.71,3.14668076871,213.334289404,0.0967480489763,0.0967480489763,-0.0478424418015,0.000907008894318,0.00451653846857,0.00694996338911,0.00454792824557,21.4208402407,21.2729937132,0.0046873759995,2.19719765285e-05,0.15903237927,0.0252700206129,0.0252698622706,0.629336215484,0.626721888507
3187419887.81,3.18741988781,216.09626358,0.0955115440498,0.0955115440498,-0.0472309833213,0.000883972193386,0.00440182500751,0.00677492135786,0.00443164702577,21.6981692563,21.5521551004,0.00462746819178,2.14139204219e-05,0.156999838846,0.0246281991061,0.0246280446839,0.637484037473,0.634946238786
3228686443.9,3.2286864439,218.893996196,0.0942908411487,0.0942908411487,-0.0466273390296,0.000861520578793,0.00429002503907,0.00660425141893,0.00431835744302,21.9790887675,21.8348856927,0.00456832598124,2.08700378294e-05,0.154993273455,0.0240026785827,0.024002527986,0.64573734687,0.643275741118
3270487265.54,3.27048726554,221.727950206,0.0930857383802,0.0930857383802,-0.0460314090891,0.000839639191124,0.00418106456943,0.00643784619429,0.00420798162005,22.2636452594,22.121232169,0.00450993958634,2.03399687868e-05,0.153012351229,0.0233930450474,0.023392898184,0.654097509386,0.651711770706
3312829269.7,3.3128292697,224.598594556,0.0918960364291,0.0918960364291,-0.0454430949375,0.000818313548317,0.00407487148383,0.00627560085164,0.00410044375078,22.5518858187,22.4112418105,0.00445229935037,1.9823362471e-05,0.151056744538,0.0227988950184,0.022798751798,0.662565908418,0.660255720496
3355719462.92,3.35571946292,227.506404266,0.0907215385248,0.0907215385248,-0.0448622992705,0.000797529536081,0.00397137549888,0.00611741304868,0.00399567004318,22.843858142,22.704962508,0.00439539573995,1.93198769684e-05,0.149126129935,0.0222198352603,0.0222196955948,0.671143945269,0.668909001401
3399164942.43,3.39916494243,230.451860504,0.0895620504091,0.0895620504091,-0.0442889260265,0.000777273398559,0.00387050811602,0.00596318287831,0.00389358866375,23.1396105432,23.0024427703,0.0043392193434,1.88291790481e-05,0.147220188103,0.0216554825238,0.0216553463271,0.679833039387,0.677673042527
3443172897.36,3.44317289736,233.435450668,0.088417380304,0.088417380304,-0.0437228803701,0.000757531729228,0.00377220257624,0.00581281281493,0.00379412968372,23.439191962,23.3037317315,0.0042837608692,1.83509439416e-05,0.1453386038,0.0211054632926,0.0211053304804,0.688634628595,0.686549291413
3487750609.89,3.48775060989,236.457668467,0.0872873388801,0.0872873388801,-0.043164068677,0.000738291462027,0.00367639381589,0.00566620766157,0.00369722502669,23.7426519713,23.6088791594,0.00422901114448,1.78848551282e-05,0.143481065811,0.0205694135354,0.0205692840257,0.697550169334,0.695539214261
3532905456.51,3.53290545651,239.519014001,0.0861717392257,0.0861717392257,-0.0426123985182,0.000719539862713,0.00358301842362,0.0055232744981,0.00360280841791,24.0500407862,23.9179354632,0.00417496111349,1.74306041251e-05,0.141647266895,0.0200469784663,0.0200468521785,0.706581136899,0.704644296179
3578644909.21,3.57864490921,242.619993845,0.0850703968157,0.0850703968157,-0.0420677786451,0.000701264520435,0.00349201459847,0.00538392263035,0.00351081533489,24.3614092716,24.2309517024,0.00412160183612,1.69878902839e-05,0.139836903733,0.0195378123087,0.0195376891646,0.715729025685,0.71386604142
3624976536.69,3.62497653669,245.761121131,0.083983129481,0.083983129481,-0.0415301189741,0.000683453339523,0.00340332210892,0.00524806354016,0.0034211829596,24.6768089511,24.5479795944,0.00406892448641,1.65564205912e-05,0.13804967688,0.0190415780677,0.0190414579905,0.724995349436,0.723205973632
3671908005.66,3.67190800566,248.942915638,0.0829097573791,0.0829097573791,-0.0409993305721,0.000666094531485,0.0033168822531,0.00511561083643,0.00333385013189,24.9962920154,24.8690715236,0.00401692035111,1.61359094748e-05,0.136285290713,0.0185579473063,0.0185578302212,0.734381641492,0.732665636102
3719447082.09,3.71944708209,252.16590387,0.0818501029638,0.0818501029638,-0.0404753256414,0.000649176607206,0.00323263781988,0.00498648020707,0.00324875730438,25.3199113308,25.1942805495,0.00396558082823,1.57260786148e-05,0.134543453388,0.0180865999285,0.0180864857624,0.743889455046,0.742246592012
3767601632.48,3.76760163248,255.430619151,0.0808039909562,0.0808039909562,-0.0399580175058,0.000632688369348,0.00315053305108,0.00486058937186,0.00316584649854,25.647720448,25.5236604154,0.00391489742563,1.53266567596e-05,0.132823876784,0.0176272239673,0.0176271126489,0.753520363401,0.751950424693
3816379625.2,3.8163796252,258.737601709,0.079771248316,0.079771248316,-0.0394473205958,0.000616618904939,0.00307051360455,0.00473785803631,0.0030850612621,25.9797736111,25.8572655577,0.00386486175962,1.49373795463e-05,0.13112627646,0.0171795153787,0.0171794068381,0.763275960225,0.761778737887
3865789131.76,3.86578913176,262.087398763,0.0787517042125,0.0787517042125,-0.0389431504348,0.000600957578152,0.00299252651819,0.0046182078463,0.00300634662764,26.3161257666,26.1951511142,0.00381546555359,1.45579893257e-05,0.12945037161,0.0167431778398,0.016743072009,0.773157859824,0.771733156005
3915838328.18,3.91583832818,265.480564622,0.0777451899969,0.0777451899969,-0.0384454236248,0.000585694023271,0.00291652017496,0.00450156234376,0.00292964907236,26.656832572,26.5373729333,0.00376670063659,1.41882349917e-05,0.127795885011,0.0163179225534,0.016317819366,0.783167697399,0.781815324396
3966535496.32,3.96653549632,268.917660767,0.076751539174,0.076751539174,-0.0379540578333,0.000570818137827,0.00284244426867,0.0043878469231,0.00285491647901,27.0019504058,26.8839875836,0.00371855894207,1.38278718157e-05,0.126162542983,0.0159034680564,0.0159033674475,0.793307129326,0.792026909617
4017889025.28,4.01788902528,272.399255951,0.0757705873752,0.0757705873752,-0.0374689717789,0.000556320075916,0.00277024977073,0.00427698878864,0.00278209809794,27.3515363762,27.2350523626,0.00367103250648,1.3476661284e-05,0.12455007534,0.0154995400341,0.0154994419403,0.803577833421,0.802369599707
4069907412.77,4.06990741277,275.925926289,0.0748021723311,0.0748021723311,-0.0369900852187,0.000542190241685,0.00269988889767,0.0041689169128,0.00271114451016,27.7056483308,27.5906253063,0.00362411346797,1.31343709405e-05,0.122958215346,0.0151058711382,0.0151057754976,0.813981509226,0.812845104461
4122599266.5,4.1225992665,279.498255356,0.0738461338447,0.0738461338447,-0.0365173189342,0.00052841928298,0.00263131507959,0.00406356199524,0.00264200759154,28.064344866,27.9507651988,0.00357779406512,1.28007742323e-05,0.121386699675,0.01472220081,0.0147221075622,0.824519878284,0.823455155712
4175973305.64,4.17597330564,283.116834281,0.0729023137653,0.0729023137653,-0.0360505947191,0.000514998085158,0.00256448292926,0.00396085642274,0.00257464047794,28.4276853371,28.315531582,0.00353206663563,1.24756503604e-05,0.11983526836,0.0143482751082,0.0143481841943,0.835194684428,0.834201507618
4230038362.24,4.23003836224,286.782261847,0.071970555962,0.071970555962,-0.0355898353658,0.000501917765056,0.00249934821214,0.00386073423003,0.00250899753133,28.7957298677,28.6849847651,0.00348692361507,1.21587841333e-05,0.118303664757,0.0139838465407,0.0139837579032,0.846007694067,0.845085936945
4284803382.69,4.28480338269,290.495144589,0.0710507062981,0.0710507062981,-0.0351349646529,0.000489169665115,0.0024358678171,0.00376313106129,0.00244503430694,29.1685393597,29.0591858349,0.00344235753561,1.18499658247e-05,0.1167916355,0.0136286739008,0.0136285874834,0.85696069648,0.856110243364
4340277429.2,4.3402774292,294.256096895,0.0701426126057,0.0701426126057,-0.0346859073325,0.000476745347647,0.00237399972787,0.00366798413264,0.00238270752121,29.5461755038,29.4381966655,0.00339836102484,1.15489910343e-05,0.115298930458,0.0132825221076,0.0132824378555,0.868055504109,0.867276249744
4396469681.32,4.39646968132,298.065741107,0.0692461246606,0.0692461246606,-0.0342425891179,0.000464636589254,0.00231370299529,0.00357523219522,0.00232197502073,29.928700789,29.8220799287,0.00335492680449,1.12556605534e-05,0.113825302696,0.0129451620506,0.0129450799104,0.879293952863,0.878585802453
4453389437.45,4.45338943745,301.924707624,0.0683610941575,0.0683610941575,-0.0338049366713,0.000452835375386,0.00225493771014,0.00348481549925,0.00226279575202,30.3161785136,30.2108991041,0.00331204768927,1.09697802321e-05,0.112370508433,0.0126163704378,0.0126162903572,0.890677902421,0.89004077166
4511046116.35,4.51104611635,305.833635007,0.0674873746853,0.0674873746853,-0.0333728775916,0.000441333895036,0.00219766497677,0.00339667575869,0.00220512973212,30.7086727953,30.6047184899,0.00326971658567,1.06911608516e-05,0.110934307001,0.0122959296483,0.0122958515763,0.902209236536,0.901643051644
4569449258.74,4.56944925874,309.793170084,0.0666248217033,0.0666248217033,-0.0329463404027,0.000430124535574,0.00214184688738,0.00331075611678,0.00214893802007,31.1062485819,31.0036032129,0.00322792649079,1.04196179984e-05,0.109516460808,0.0119836275879,0.0119835514748,0.913889863351,0.913394561106
4628608528.86,4.62860852886,313.803968058,0.065773292517,0.065773292517,-0.0325252545414,0.000419199877707,0.0020874464969,0.00322700111226,0.00209418268907,31.5089716621,31.4076192399,0.00318667049118,1.01549719428e-05,0.108116735294,0.0116792575491,0.0116791833464,0.925721715714,0.925297243486
4688533716.06,4.68853371606,317.866692614,0.0649326462548,0.0649326462548,-0.0321095503458,0.000408552690568,0.00203442779854,0.00314535664631,0.00204082679954,31.9169086764,31.8168333881,0.00314594176171,9.89704751964e-06,0.106734898899,0.0113826180741,0.0113825457343,0.937706751494,0.937353067278
4749234736.43,4.74923473643,321.982016029,0.0641027438445,0.0641027438445,-0.031699159044,0.000398175926935,0.00198275569999,0.00306576995032,0.00198883437284,32.330127128,32.2313133361,0.00310573356443,9.64567401226e-06,0.105370723019,0.0110935128214,0.0110934422983,0.949846953911,0.949564026359
4810721634.46,4.81072163446,326.150619286,0.0632834479906,0.0632834479906,-0.0312940127426,0.000388062718564,0.00193239600019,0.00298818955419,0.00193817036573,32.7486953939,32.6511276354,0.00306603924747,9.40068503988e-06,0.10402398197,0.0108117504361,0.0108116816846,0.96214433186,0.961932140318
4873004584.67,4.87300458467,330.373192181,0.0624746231515,0.0624746231515,-0.0308940444156,0.000378206371644,0.00188331536666,0.00291256525549,0.00188880064556,33.1726827367,33.0763457214,0.00302685224391,9.16191844724e-06,0.102694452952,0.0105371444232,0.0105370773993,0.974600920244,0.974459454784
4936093893.29,4.93609389329,334.650433443,0.061676135517,0.061676135517,-0.030499187893,0.000368600362369,0.00183548131351,0.0028388480892,0.00184069196613,33.6021593155,33.5070379249,0.00298816607077,8.92921619742e-06,0.10138191601,0.0102695130241,0.0102694476849,0.987218780312,0.987148041768
5000000000,5,338.983050847,0.0608878529864,0.0608878529864,-0.0301093778504,0.00035923833262,0.00178886217986,0.00276699029816,0.00179381194415,34.0371961976,33.9432754837,0.00294997432785,8.70242426715e-06,0.100086154,0.0100086790965,0.0100086154,1,1
